"","x"
"1",5.24511317442542
"2",2.20106054489451
"3",-3.48617095313648
"4",18.6213275403732
"5",4.26699399806414
"6",0.834922048541272
"7",0.885063467844887
"8",-4.66491287271697
"9",-0.236999494736223
"10",-3.34205070810217
"11",-1.01588536712475
"12",0.754715377740975
"13",3.31256262134477
"14",1.61007948850704
"15",1.88927547561223
"16",4.39665880705996
"17",-5.3663954589043
"18",-4.4539835906131
"19",0.115572158443944
"20",4.44317061375175
"21",2.55052258753204
"22",5.04521559426106
"23",0.40877116088553
"24",-2.85845432084639
"25",2.96381348667557
"26",1.57550035869875
"27",1.50420893152075
"28",1.95164749275219
"29",2.15013903305033
"30",2.41220907610824
"31",-5.0723739962349
"32",0.971184748188692
"33",2.15252011755886
"34",-1.00939740978269
"35",2.1883858778025
"36",-1.25007303091706
"37",-2.63765274225251
"38",33.3725097641768
"39",3.08286982002068
"40",4.34327891854871
"41",-0.783745136764423
"42",-0.146990454062115
"43",2.45234665382668
"44",3.58777697522535
"45",-5.43155889995422
"46",1.64007277657007
"47",-0.341525940193798
"48",0.437256695100254
"49",-1.37952582264864
"50",-4.32473600146634
"51",1.38475183693598
"52",2.7151022003466
"53",0.193965333975419
"54",-0.0351655312084209
"55",-0.214623836804431
"56",0.855338929265619
"57",-1.94731702585145
"58",-0.0168212607641594
"59",-8.94707695346141
"60",-5.47196315020747
"61",-1.48594191263693
"62",0.17397947804126
"63",-0.201076611435625
"64",-3.80049588899632
"65",-0.709104683600446
"66",-2.90308878871593
"67",-0.759179496028424
"68",-5.5560600025891
"69",-1.94590357078085
"70",-1.59739904226625
"71",14.5695222340145
"72",-1.6463900959351
"73",-2.20796878448065
"74",-0.750779802651786
"75",-1.56885354541439
"76",-0.862060236635141
"77",-1.05887454342614
"78",-0.931804640227452
"79",-0.225176447459679
"80",0.28301292353765
"81",-0.213953078565642
"82",-2.64831909515404
"83",-4.12028063952657
"84",-1.6976885183555
"85",-8.41813479292963
"86",-5.6041388020465
"87",1.96778270070086
"88",2.7552886025543
"89",-1.96379607836755
"90",-1.03780311366725
"91",3.38597721777639
"92",0.177711517850116
"93",1.62748357028365
"94",-4.05515088328096
"95",-1.21416511843856
"96",17.7926072562782
"97",11.3824535552295
"98",-2.7798942295558
"99",-0.606112172614667
"100",4.00754165600813
"101",-1.00731005540781
"102",-1.00006756688964
"103",-5.78657562879532
"104",-0.722830189427458
"105",2.73802044435158
"106",-2.95595623740642
"107",1.38742220625563
"108",1.6165516082367
"109",-0.569112089048692
"110",-3.25903183428253
"111",-2.5079048049004
"112",-3.39982063801533
"113",6.49628059161328
"114",0.561838925087523
"115",1.74425155680487
"116",0.794312739197669
"117",-1.3943298121395
"118",-2.67400383578365
"119",-1.19753190870095
"120",-4.14708449170515
"121",-4.03366970652677
"122",0.625378069827933
"123",-1.48297197023077
"124",-2.73787051541431
"125",-4.83538175949228
"126",-0.663137614096053
"127",-0.842643114160827
"128",-1.71909262900311
"129",-1.29297416089058
"130",-1.40792319136644
"131",-0.899374966837356
"132",1.92110090455346
"133",0.989317008390846
"134",-0.0192299802643374
"135",1.58568774690138
"136",-2.0997336881525
"137",1.574303082674
"138",0.219469044658901
"139",0.170555812957191
"140",-0.863245024451657
"141",0.730854044241949
"142",0.68020407281541
"143",-0.766347370371073
"144",0.14441429003301
"145",0.165275627128612
"146",1.13051898572901
"147",1.58240332763214
"148",0.229187125501593
"149",1.41620918450688
"150",1.29416517037534
"151",1.16195320724268
"152",0.951072255717714
"153",-0.809669113276215
"154",2.25781087871582
"155",1.01126794644102
"156",-4.81228572298989
"157",-3.20385351713623
"158",-5.44069714128942
"159",-0.338030575648023
"160",-1.22561825081167
"161",-2.9157578653145
"162",-2.21963131982612
"163",0.827346026109803
"164",0.431426653617248
"165",0.839075883023001
"166",0.277159846338815
"167",1.15379038802989
"168",0.0588607908417984
"169",1.01731939323959
"170",0.767314138626764
"171",1.78841856894263
"172",2.53891824138063
"173",-0.670051629139039
"174",1.97731335777338
"175",2.32677570130057
"176",2.01065376895544
"177",3.02707838722358
"178",0.472450429381463
"179",3.08272820085656
"180",2.94170996757654
"181",1.67914649033973
"182",-1.60437677150723
"183",2.42519420161028
"184",-2.01264277849907
"185",-0.781837836803582
"186",-1.13274070850122
"187",0.661400074132396
"188",0.553939711619838
"189",2.21152871934529
"190",-1.05541805102209
"191",-0.167262236638476
"192",1.548702798111
"193",1.079239285418
"194",-1.13743364957506
"195",-0.523499158825007
"196",1.46561777082904
"197",-1.0454040620935
"198",0.659205156878935
"199",0.487672542908918
"200",-1.69161227108352
"201",-0.67183784908332
"202",-1.27667550587743
"203",-2.51537498844575
"204",-1.26619381002296
"205",-0.578601789578815
"206",-0.888701124908986
"207",-2.70699138138151
"208",-0.594518529100046
"209",2.10491065466242
"210",2.70033374487919
"211",-0.474350854412481
"212",-2.2809887287076
"213",1.13465057554434
"214",1.20052663659383
"215",-2.21473365677054
"216",-4.31343243366661
"217",-4.04463743031673
"218",-2.24721452715756
"219",-1.46016481860274
"220",-2.06004073808772
"221",-0.661649895919454
"222",-1.09728931942035
"223",-0.166676818794433
"224",-2.69749073945614
"225",-1.29552698861792
"226",-2.34126287197285
"227",-3.13504312125785
"228",-1.54921509008288
"229",1.74472567222474
"230",-3.00162164418554
"231",-1.84244564362297
"232",-0.680331802304492
"233",-0.695846699657594
"234",-2.03911833218722
"235",-1.40045990517201
"236",-4.96817100593736
"237",-2.2900419987426
"238",-1.93578557506719
"239",-1.01465933422857
"240",-1.15141200833044
"241",-0.729033497026675
"242",-3.48385686896144
"243",-2.00392136615471
"244",-0.02168084797984
"245",-1.14705135865081
"246",-3.29147966453526
"247",0.496955904457331
"248",-0.357178787781228
"249",0.897715158142276
"250",2.00501747855987
"251",-3.12327363142734
"252",-0.34651366402727
"253",0.571264271761091
"254",-1.39088860258722
"255",-2.11788680473358
"256",-0.943352982897376
"257",0.369298249831543
"258",1.93872930729073
"259",-0.669355485241529
"260",-2.11297631897141
"261",-0.118903795087662
"262",0.14021133225324
"263",0.431452602913798
"264",0.300610657140541
"265",-0.836553642058474
"266",0.0362208994019126
"267",0.697716814118622
"268",-3.75924747608427
"269",-4.0871698310113
"270",-3.86234556429671
"271",-3.51354746575959
"272",-1.73093731905428
"273",-4.19423750786459
"274",-3.42288621914843
"275",-1.1031944967879
"276",0.645170528842063
"277",-1.67961685075953
"278",-4.24835517181211
"279",-1.56153111505346
"280",-2.8139615927191
"281",-0.171076455067148
"282",2.03301162891027
"283",-3.91527692818889
"284",-1.45662459007936
"285",-0.966640433047502
"286",-1.20670895051475
"287",-0.559913955852861
"288",-5.74352222846491
"289",-4.33863332670632
"290",8.30239430161321
"291",-1.19917498427394
"292",-1.26948056167423
"293",-2.75779049267678
"294",0.407011172003114
"295",0.838092691972335
"296",1.38888859594055
"297",-4.91741563296918
"298",2.42989993823697
"299",1.54157059415559
"300",-0.488045555269994
"301",-1.73071533883941
"302",1.19927602842158
"303",-2.60160536742711
"304",0.226102240367683
"305",1.80996362514872
"306",-0.893827845731195
"307",-0.405864854048858
"308",2.93596855578903
"309",-0.776238186997908
"310",-0.0287519930695042
"311",-3.53115807928036
"312",-4.89539681050284
"313",-1.84209011982625
"314",0.38512233453406
"315",-1.31835436540495
"316",-1.11945990107697
"317",0.539293963309874
"318",-1.47188209799978
"319",-2.11869146257264
"320",-3.84361832073678
"321",-2.97382644061617
"322",-3.65215936843584
"323",1.32156993800123
"324",-3.43942791404593
"325",-2.33759518017004
"326",-1.1003499187206
"327",0.908749489844128
"328",0.426679730234123
"329",-0.404809685999859
"330",-0.854768307263829
"331",1.87839254409327
"332",0.293116356574235
"333",0.595071485555875
"334",0.279764878876178
"335",-0.189801951176304
"336",1.92324343695494
"337",-0.617460348480704
"338",-0.108107222321591
"339",0.348571754483878
"340",-0.4438956739453
"341",0.599107460355711
"342",0.970932284584509
"343",2.99289951302048
"344",1.88127899188763
"345",0.0317081864300741
"346",1.93337537577834
"347",0.437851515368369
"348",0.643146946455935
"349",-0.702375758031882
"350",-2.56701128267583
"351",-0.154904617358867
"352",-0.0342851007492189
"353",-0.22360486744651
"354",0.833519974772844
"355",-1.06149035153117
"356",0.572230559051188
"357",-0.46473935520177
"358",-0.637397781531254
"359",-0.428715717331713
"360",0.788373092836828
"361",0.679132141430542
"362",-0.276225416692236
"363",-0.603725365984205
"364",-3.99337153523956
"365",-3.57240046948434
"366",-0.577162224095235
"367",-1.49526431797758
"368",-1.76120947169281
"369",-4.17494091075939
"370",-1.14658491836896
"371",-0.377985662950781
"372",-1.12795988405616
"373",1.47538240722547
"374",0.262081626103585
"375",-0.749376652042767
"376",2.53666300225564
"377",0.0607155172748919
"378",5.46267848497981
"379",4.00832383380981
"380",-1.49562502258637
"381",-0.023252815750836
"382",1.38620566494854
"383",-0.632068194619352
"384",2.0256613127311
"385",0.53834228371757
"386",-0.0427831298474164
"387",0.858029971818385
"388",-0.787091604716434
"389",1.71209794435874
"390",1.43669434605286
"391",1.44560397088606
"392",-0.129541204812417
"393",0.74914712960447
"394",-0.299598128615548
"395",-0.934702263742073
"396",2.15595005972591
"397",-0.232359740613709
"398",0.119917908322711
"399",2.69769685470356
"400",5.96335831337067
"401",4.40206494635627
"402",2.50209891652028
"403",-4.00641051131611
"404",-1.95548134741641
"405",0.702235725116714
"406",-1.17031650766908
"407",-1.49566012897476
"408",-0.285201108392521
"409",2.31398401799307
"410",10.9605783195133
"411",2.51235122026641
"412",1.94567365507968
"413",0.839675912272014
"414",0.14694044173014
"415",1.31747401672043
"416",1.77187522095668
"417",0.937027061490466
"418",-2.73970218681131
"419",2.0242388490004
"420",3.12337446843877
"421",0.797089449926927
"422",0.267947802737921
"423",-0.92218877127486
"424",-2.43950091473143
"425",17.7485076782489
"426",0.431055838132879
"427",2.03475546460725
"428",-0.163478509088681
"429",3.19747946481828
"430",3.14916642669393
"431",-3.28359091394017
"432",1.45563864737279
"433",1.86063350177589
"434",-1.55742097246255
"435",0.814986354533208
"436",-4.38394142930575
"437",1.04115843752691
"438",-0.576584854155923
"439",-5.38173537216537
"440",-3.10763938620606
"441",-1.23598749770089
"442",0.604108275655176
"443",-0.177641090836147
"444",-0.495396503043835
"445",2.2053134901867
"446",-3.42276773245873
"447",0.211213148830417
"448",0.0845654825188298
"449",-2.96235150590504
"450",-5.39313637587457
"451",-8.43761269495356
"452",-0.179985899950186
"453",-1.43141042075892
"454",-1.85286056404886
"455",-3.27469644720757
"456",-2.2309327581904
"457",2.82231802493198
"458",2.01952256046906
"459",-4.91760265707918
"460",-3.64275588344439
"461",-0.131968578028711
"462",-2.69724133584759
"463",-3.66859229144597
"464",2.82430816835138
"465",1.50141338746311
"466",2.81467103900421
"467",0.790952849789513
"468",-2.39740403207025
"469",0.329076768994663
"470",-3.50993910614667
"471",1.06847763354927
"472",-0.826174207967519
"473",-0.116237040493682
"474",-0.700614608444052
"475",-2.0100877570843
"476",-1.34457715403987
"477",-3.92450730734746
"478",1.47764229525164
"479",4.17362528498722
"480",2.8785794141786
"481",2.74547314793858
"482",7.43649419393385
"483",13.4766008023685
"484",21.3681306852843
"485",-6.63548226090186
"486",0.525854557949773
"487",-0.827735827364385
"488",3.67529057014338
"489",-0.539279013755621
"490",-6.86182389590992
"491",-0.79204061687012
"492",-0.000416924431672516
"493",0.0816594137178588
"494",0.54295747507842
"495",-0.266168678021503
"496",0.96569357106786
"497",-0.863006570406785
"498",1.10415380662721
"499",3.38994677565816
"500",0.411767231918377
"501",1.20340149409187
"502",-1.2534860270933
"503",-1.27271109118619
"504",0.321902796160563
"505",-2.70578254605973
"506",3.31080244023364
"507",1.52821996580007
"508",3.47799626714716
"509",0.100922899646055
"510",1.11445924656697
"511",1.05933713087634
"512",-3.65460037365265
"513",-0.942296945738489
"514",-5.25064658763626
"515",-3.1968663101298
"516",-0.812824822232633
"517",-0.337464747912956
"518",-0.0315788182838888
"519",-0.143233307530534
"520",-0.0250768858038786
"521",0.783171652826225
"522",1.51563969170024
"523",3.20767088173881
"524",-0.218615715438627
"525",0.590741020790258
"526",-1.04097089771723
"527",0.0535466927753183
"528",0.454103170055876
"529",-0.312491617144623
"530",-1.56442974505306
"531",-1.64352561212177
"532",1.93918673026842
"533",4.4255717140256
"534",2.23842133713955
"535",5.42870845956233
"536",1.35881233815596
"537",1.87815574310036
"538",1.43412633180059
"539",-2.78264785684418
"540",-0.263557788697799
"541",4.47083324649753
"542",0.97079393210279
"543",-1.5888748308896
"544",-1.13376479198318
"545",3.31345818472509
"546",3.07177006516728
"547",2.23654911908723
"548",-1.86370396397147
"549",-0.974021665139822
"550",1.62625231983876
"551",0.744067631777132
"552",-0.261390760015918
"553",-0.396473131531031
"554",-0.836465345262349
"555",2.02125708913241
"556",2.91852073560863
"557",-1.252879712543
"558",-2.21383508645175
"559",-0.946556222281312
"560",3.36649924627961
"561",2.48024451115862
"562",-1.23208056615086
"563",-0.274665803222384
"564",-0.887132804701237
"565",3.48734454052395
"566",2.68508294391345
"567",1.78315263161532
"568",-3.33186396536949
"569",-2.40486761583757
"570",-2.5922682317325
"571",1.09171090703694
"572",-6.33822749160521
"573",-3.25743294955205
"574",-2.85091475583377
"575",-0.508256179565667
"576",-0.645565395886523
"577",-1.90279996547842
"578",-0.784374580592483
"579",3.10477365653214
"580",-3.61726195545151
"581",-1.58023822706635
"582",-0.0499132869239611
"583",-0.906112658913878
"584",-2.61572715241081
"585",-2.80596767300053
"586",-0.351036626169245
"587",1.88263704112375
"588",-1.90917139962474
"589",0.877889141707598
"590",-0.00728650551975019
"591",0.0296764783025134
"592",1.80007283845464
"593",3.7037144290841
"594",4.57537710831438
"595",3.58783438022547
"596",-0.745673612986002
"597",0.453318336665645
"598",1.8994726033386
"599",-0.462292538260868
"600",-0.571270665011655
"601",-1.90294061438629
"602",-4.968143856479
"603",-3.15749095499173
"604",0.703131456938052
"605",0.512794968586156
"606",-1.17584690355602
"607",-4.30744656036381
"608",-3.39902048833641
"609",2.71499055519208
"610",2.03898261847855
"611",0.612599683615681
"612",-0.442065719182252
"613",3.37466296018346
"614",4.53510619038857
"615",1.38092901991509
"616",-1.95500949909551
"617",1.0610357114583
"618",-1.06193630549231
"619",-3.53228125691244
"620",-0.304175792695829
"621",-0.0732029923465243
"622",0.990030740519033
"623",1.47868995535352
"624",0.0368419567349543
"625",-1.63386591899283
"626",0.046795731369965
"627",-0.861375942913956
"628",-4.03538367713722
"629",1.49368824171652
"630",-0.674795657342412
"631",-1.43558890398064
"632",-3.82785935630539
"633",-1.4980418022098
"634",-6.18549563231259
"635",0.841670650837852
"636",-2.94639740853363
"637",0.454345948617427
"638",-2.68316052454931
"639",2.14231633391199
"640",5.14109857985064
"641",-1.83417950197586
"642",-0.0973598646958287
"643",-1.82571262240141
"644",3.97513313696034
"645",-0.243950894470316
"646",-0.00302142946264272
"647",2.96770469056377
"648",4.64830691814347
"649",1.95936688496487
"650",1.89116366675304
"651",-2.48768303752665
"652",-0.387076059984595
"653",-5.71262874380286
"654",-4.45813065427078
"655",-9.18405621249988
"656",-3.65203401857193
"657",-1.81714378964732
"658",-3.2169394049529
"659",1.40755179814758
"660",2.29575938966165
"661",-0.900321042643667
"662",22.8949928888651
"663",1.38523169989933
"664",-0.872862514193207
"665",-1.07045998617515
"666",-1.85324439963846
"667",2.10167631882054
"668",1.91866658499819
"669",-4.63355933075122
"670",0.414373797766799
"671",1.42630358742638
"672",0.44643737539615
"673",0.458871829961601
"674",-0.237553996599814
"675",-0.433510793558242
"676",-5.13921249768751
"677",-0.86243314712134
"678",1.47892068220172
"679",-2.27570010749491
"680",-0.425900803559321
"681",2.0228791780804
"682",-0.757724161638568
"683",-2.64582908585214
"684",-2.32670078177823
"685",-2.4516427681827
"686",-2.30318046768936
"687",-3.24244073594894
"688",1.09870374203856
"689",-4.75576860153957
"690",-2.90701618847279
"691",-2.88269294088873
"692",-4.18988788416151
"693",-1.38181592224923
"694",-2.7115581498995
"695",-8.53957894221677
"696",-1.33453094568626
"697",-3.28465547106566
"698",-0.0367172770759563
"699",-0.0932502303005567
"700",-0.564634268270805
"701",-0.789899339863693
"702",-3.3847205725708
"703",-1.48643618543885
"704",-2.22198917082427
"705",-0.0140607268731987
"706",-4.50327726945671
"707",-2.30477591082633
"708",0.318376126309709
"709",-0.0625496998041175
"710",-3.61374527494696
"711",0.155500705573214
"712",-1.05333230735911
"713",-1.65530530537832
"714",-2.22179563734231
"715",2.85238663915038
"716",2.44527611461574
"717",1.89708510981549
"718",1.80342667342407
"719",1.74117193553693
"720",-1.44239428984175
"721",0.448728202742978
"722",-4.08462373753938
"723",-1.39507468365402
"724",-0.445859722927031
"725",-6.03283205128422
"726",-7.06631153753192
"727",0.526013723183279
"728",-1.6814499162556
"729",-3.79915797413335
"730",0.191943852040651
"731",-0.0881893084045426
"732",0.573836815553049
"733",0.336194982416865
"734",-5.70043598700511
"735",-2.92734750835644
"736",-5.3071831012579
"737",-4.00932288561434
"738",-2.25116435550192
"739",0.430711201844314
"740",-3.23858692121419
"741",-1.07592878586765
"742",2.47646960241142
"743",0.904563277454849
"744",-1.47565855140636
"745",0.492858355690869
"746",0.592109945388361
"747",4.74613863025075
"748",6.93267900996727
"749",4.60421334069119
"750",5.24101752285362
"751",1.76214253422121
"752",-2.6392167265575
"753",-1.59456327532684
"754",0.609645362309782
"755",-5.52522857533934
"756",-5.16927208112135
"757",1.78608683940064
"758",-0.806830546929755
"759",2.0081435590987
"760",-1.89945059423792
"761",-1.52763235167349
"762",0.408352380597861
"763",-2.02780259353971
"764",-1.75628655499802
"765",2.6377378048897
"766",-1.50041117915193
"767",-1.35296669514718
"768",-6.2679962157398
"769",-0.364659840388883
"770",-1.70926130139834
"771",-3.80422825530201
"772",-1.57813574888651
"773",-0.0633272625743668
"774",-2.68466516774676
"775",-3.02717890415442
"776",-1.66684276091668
"777",-1.61618246680163
"778",2.7195327569585
"779",2.07960086366954
"780",-1.21600542421462
"781",0.608720336256144
"782",0.975875018450982
"783",6.08132353270828
"784",3.91008948439878
"785",0.82977701626893
"786",-5.10732574073979
"787",2.09067916660489
"788",4.06090324364974
"789",-2.22421646290364
"790",2.3072020429814
"791",8.23728335438208
"792",1.90197243853785
"793",4.23710942102633
"794",0.237787000018368
"795",1.58625782638223
"796",24.5400754343792
"797",-0.102493090573275
"798",1.20520926817678
"799",3.62377020473611
"800",2.38356002073703
"801",-4.67417706910587
"802",-7.6230483638092
"803",-2.62605007045641
"804",1.65382426442821
"805",1.87546797404534
"806",1.85094866885069
"807",3.23338056970069
"808",-7.59783170029062
"809",-5.69654692696054
"810",0.539703435284473
"811",3.42455636803254
"812",-0.212185821272537
"813",1.6317287855022
"814",8.66551432116075
"815",35.2480741213211
"816",39.2033994940816
"817",0.867822684009065
"818",3.25935172532507
"819",6.03123243694527
"820",1.42896721049891
"821",-2.31720697003373
"822",-5.07221123046047
"823",-5.46227826791122
"824",-1.06698834061729
"825",-4.0475869791466
"826",-4.31506847779981
"827",1.07287172058611
"828",-0.231690545198314
"829",-1.2427599932642
"830",-2.96887306465798
"831",1.82472762517986
"832",2.66453517357703
"833",2.30425056484894
"834",5.21461947562717
"835",0.568310897671562
"836",-1.70849244150831
"837",-2.28457394630608
"838",-0.911264382726259
"839",1.24549690113702
"840",-1.30333200936084
"841",-1.98516125977314
"842",-3.40994957734631
"843",-3.62164815676084
"844",-2.96525580679118
"845",-5.61289919773386
"846",-3.98841095352087
"847",-2.95070878504021
"848",-5.16085796026537
"849",-6.71007702656922
"850",-8.6977869145851
"851",-10.7696911705103
"852",-0.994428194473574
"853",-3.38391015623747
"854",-1.16708154547486
"855",-5.79356082901795
"856",-0.641664803596107
"857",0.666417587854745
"858",-0.905026969463544
"859",-1.22480848732477
"860",2.31229755479389
"861",0.452832630564044
"862",-0.184117810192192
"863",-1.33533730161858
"864",-0.143922801393815
"865",2.73923505704979
"866",-1.12083458411373
"867",-2.13465294249877
"868",0.525287958406919
"869",0.0318746950457873
"870",-4.76884137997714
"871",-1.20646879012274
"872",0.226685000588379
"873",-2.22162361814158
"874",-6.94652247035231
"875",-8.69614164788649
"876",-8.69167509123785
"877",-1.56109390700677
"878",-1.37812128733612
"879",-1.01383701113948
"880",-0.433014419999964
"881",-0.190350144047525
"882",-3.64451807852324
"883",-0.863875207533664
"884",-0.608570077480808
"885",-3.49707748767672
"886",-9.31287621287138
"887",-3.22761671820079
"888",1.51543653145674
"889",-1.26389195676348
"890",0.0578294368656991
"891",4.42108220781087
"892",0.0184540810209066
"893",-0.353974601170921
"894",-2.36227909310047
"895",-4.10644863421779
"896",-1.36017674393675
"897",-2.60161747261924
"898",1.43931050088834
"899",-1.98592171920127
"900",-0.899158877742996
"901",-1.44645560537723
"902",-2.8299395280137
"903",-1.17221725799428
"904",-2.6032286777318
"905",-8.08939151473212
"906",-8.74552890408705
"907",-4.52228554176483
"908",-2.79937461290559
"909",-1.55748541392756
"910",-2.5585487433553
"911",-3.60814868307438
"912",-3.79625991064115
"913",-0.407092322949683
"914",-1.42945381552047
"915",-1.61018495805084
"916",-2.04252324790687
"917",-0.759022015294404
"918",-2.33704400506475
"919",-4.6617761911172
"920",-0.424190705228699
"921",-2.02680033304721
"922",5.59576910237765
"923",-0.292218863619351
"924",-5.06255059884436
"925",-2.58351673393168
"926",-1.5611588853866
"927",1.522001449007
"928",0.0669590253899539
"929",1.26918292020094
"930",-2.75654037498165
"931",-6.38099255226402
"932",5.20882239666425
"933",2.86645669920145
"934",0.794309731274522
"935",1.4676241388913
"936",-6.71539328605596
"937",-1.84424484489119
"938",2.98266397293649
"939",2.615250534666
"940",2.69404081586432
"941",2.06645850399358
"942",6.63277654467901
"943",1.54371929151383
"944",5.64956710854963
"945",13.4326610037186
"946",8.19676386140201
"947",2.70052083701849
"948",4.26251900909201
"949",4.56185515408573
"950",2.74114747092973
"951",-0.634624947519787
"952",0.493184418457722
"953",-0.3464926982354
"954",6.48945262291936
"955",1.06725372829897
"956",3.31995312668085
"957",0.942916794652564
"958",-0.789859532946235
"959",-3.19181025963314
"960",-0.302019997048616
"961",0.539119464427636
"962",1.33465214374066
"963",-3.59346391540105
"964",-4.24966186669482
"965",3.53121370478095
"966",10.5565411126693
"967",4.19135211626673
"968",0.10448006988809
"969",1.84983161205764
"970",-0.447187389231668
"971",2.99970920868645
"972",3.04536069477875
"973",2.12814612545707
"974",1.09988733529792
"975",1.82539805779889
"976",-4.90005545546297
"977",1.40610687929767
"978",3.36050772254941
"979",-0.696431426292817
"980",-7.28160306581314
"981",-2.5637365228547
"982",-7.40484589211874
"983",0.940360955115899
"984",-0.856156093267919
"985",0.854365556603451
"986",-2.77180903618295
"987",-6.30144993383349
"988",-3.82522158083108
"989",2.5726397517287
"990",13.4303913591432
"991",2.49652804399232
"992",-1.45045433799096
"993",5.16187564877732
"994",3.03516351478796
"995",2.25946426259046
"996",5.2814980222054
"997",5.02974832485431
"998",3.70886891104315
"999",8.32007711050831
"1000",12.8594791548784
"1001",17.0718361079574
"1002",2.04308920364141
"1003",5.44612407472827
"1004",-2.09931307600595
"1005",1.62584710596948
"1006",-0.710382326252113
"1007",-0.502236633037954
"1008",-2.88266607391856
"1009",5.53946227472431
"1010",4.30720806252548
"1011",-0.904421445107692
"1012",-0.498281036840647
"1013",0.0379018567149672
"1014",-3.52365751895834
"1015",3.23488783609252
"1016",5.15921273407372
"1017",6.69863128228904
"1018",-2.61712929687133
"1019",-5.03451432135354
"1020",0.987128136274512
"1021",4.94769254040855
"1022",2.61999926769407
"1023",1.96937855897538
"1024",6.6528570995731
"1025",0.325244652774924
"1026",3.59968662926465
"1027",4.78242027742728
"1028",-2.29156147353977
"1029",-1.5552718020325
"1030",-1.2291252201006
"1031",-7.05029009063542
"1032",2.25971569683992
"1033",0.90883801739729
"1034",2.34610179513511
"1035",-0.600026600260843
"1036",1.75874830211403
"1037",0.66754297416159
"1038",-0.180072013202624
"1039",2.5372795741176
"1040",5.94453867500568
"1041",0.880903033261262
"1042",9.33874911978415
"1043",3.2947847576265
"1044",7.31703166060548
"1045",-0.696984351674082
"1046",1.77005124946439
"1047",3.5025778582732
"1048",7.72678215254697
"1049",7.67631433809203
"1050",6.59027193608252
"1051",8.96205091299869
"1052",1.67055345559775
"1053",0.899650093243974
"1054",16.058781941753
"1055",2.86111222482056
"1056",-2.20697203883153
"1057",-0.995149626240471
"1058",1.89181640532433
"1059",3.17680605662233
"1060",4.51958656506969
"1061",-2.32064389597951
"1062",8.5128452257358
"1063",0.49976365767103
"1064",0.425156475845958
"1065",-0.883942296982935
"1066",1.19606041776918
"1067",7.36252743448058
"1068",1.90384515868876
"1069",0.173285851039083
"1070",3.27329493192516
"1071",6.94891824542118
"1072",0.453416891197952
"1073",4.29542139198298
"1074",2.34872069160712
"1075",1.71248278759201
"1076",-2.92683231123681
"1077",3.36604420209036
"1078",3.97584510742021
"1079",0.00943689982744367
"1080",-6.60383169129329
"1081",-4.59957616149805
"1082",-3.4474820787347
"1083",-0.0180676535631736
"1084",-1.7889455497348
"1085",7.00326946554868
"1086",-0.298511194628647
"1087",1.50902816432736
"1088",6.87295902480058
"1089",2.00068720973021
"1090",-1.57650647548374
"1091",2.520197295234
"1092",-5.16960160820014
"1093",-0.940369409606829
"1094",10.0159633598409
"1095",0.639902046695868
"1096",1.26183491984916
"1097",-2.54452557449674
"1098",-0.0208168205882053
"1099",-8.4798799960269
"1100",-1.0897966167636
"1101",9.06919155305212
"1102",-2.05828429772025
"1103",1.36584965361152
"1104",5.12436747764034
"1105",2.35972283616776
"1106",-0.214671091933665
"1107",-0.693090010762084
"1108",-7.35982507264144
"1109",0.00358791613725806
"1110",-3.31788419860479
"1111",1.26825144955007
"1112",4.39224480186132
"1113",-2.79477290383784
"1114",-7.82795714314979
"1115",-8.60440848727053
"1116",-5.58025071882758
"1117",-5.65994904823478
"1118",2.091608533494
"1119",-4.39209255392341
"1120",-0.527943757954485
"1121",2.55130667933729
"1122",-0.774215946287077
"1123",1.46921089573515
"1124",-3.4185551814174
"1125",-8.79256516680759
"1126",-3.06235718739057
"1127",-0.379941667817645
"1128",-0.760326181908908
"1129",-3.44133275004613
"1130",-1.12950817979032
"1131",-1.83585752415826
"1132",-0.903309697379195
"1133",-6.43339525028848
"1134",-3.51765671015237
"1135",0.795885717667197
"1136",2.10002143095196
"1137",-1.8551828791167
"1138",0.882358684241142
"1139",-0.250503036853212
"1140",-3.1536170588237
"1141",-3.27855327744433
"1142",1.81106725774694
"1143",-1.46116897127274
"1144",-3.50884854901236
"1145",-0.965777944030391
"1146",0.428506890152091
"1147",-0.151083471780977
"1148",-4.98732076376539
"1149",0.5098686586109
"1150",-1.89948207834625
"1151",-2.98817069624352
"1152",-1.01164746079185
"1153",-3.50045742343715
"1154",-7.10232674799559
"1155",-3.34505338224811
"1156",-10.2192911575624
"1157",-0.933027885473747
"1158",0.562035906079272
"1159",2.60486926877782
"1160",-1.88859316341799
"1161",-7.89416516529283
"1162",0.80208057187833
"1163",-3.07843671430855
"1164",-3.69354014232003
"1165",-1.55244281140855
"1166",3.17022479056158
"1167",-1.79626175471351
"1168",10.4031521504304
"1169",5.76753968646838
"1170",4.7230793659705
"1171",-1.06093044657249
"1172",-1.63414863680031
"1173",0.828836912809441
"1174",-1.69104645044722
"1175",-4.55483668666193
"1176",0.635582736406921
"1177",-0.155219911230809
"1178",-2.34743534403697
"1179",-1.94617580793802
"1180",-11.706105862538
"1181",-9.23552039558812
"1182",-2.74998412604151
"1183",-2.39511431401515
"1184",0.998465625810077
"1185",0.0441167970192247
"1186",-4.61567184704542
"1187",-5.78652651156257
"1188",-3.08950891463624
"1189",-0.154348237184712
"1190",-4.15902530806066
"1191",-4.2980667700234
"1192",-0.472580798762007
"1193",2.56663258854995
"1194",-3.71251043690746
"1195",-3.10609039894419
"1196",-6.09964263220742
"1197",-6.02758184453664
"1198",-9.043688748967
"1199",-7.26114173383849
"1200",2.46328239345118
"1201",-3.57558853932173
"1202",-5.17206993552477
"1203",3.02017529550947
"1204",-1.73288814753463
"1205",3.64429840160023
"1206",3.3091815617438
"1207",-0.877975856216368
"1208",-5.81424111415173
"1209",-7.63177117707001
"1210",2.24818872334769
"1211",3.14552083832665
"1212",-1.97676248138412
"1213",0.477580616334569
"1214",-1.43638108393568
"1215",20.8110750367262
"1216",30.0228922679247
"1217",4.63288237392434
"1218",0.20185799073375
"1219",2.30561157464968
"1220",-2.60781032503688
"1221",-1.37954733461109
"1222",-1.11513727116024
"1223",-0.82385916369328
"1224",0.930913185315706
"1225",2.3611185038418
"1226",0.626146590762868
"1227",3.71857030254883
"1228",0.676940690310554
"1229",-3.70677853382032
"1230",-4.52122687404026
"1231",-1.70251283330919
"1232",-0.693541303798503
"1233",0.550332323024467
"1234",2.24301879808225
"1235",1.18022704423593
"1236",-4.03630193511513
"1237",0.307908921650343
"1238",1.68188165702135
"1239",5.1197588680059
"1240",5.86141649853014
"1241",8.23969281735554
"1242",0.0868178944374574
"1243",0.275183796623311
"1244",-0.779992710371022
"1245",-1.22099877749764
"1246",-0.610925290712062
"1247",4.29476077338477
"1248",2.88359241030427
"1249",2.35700060087088
"1250",7.14805498893833
"1251",1.66714744837986
"1252",2.06472124709717
"1253",-0.749596409928444
"1254",-1.48223537994321
"1255",-3.52178923327126
"1256",0.894869849119083
"1257",1.18853628715386
"1258",-0.850604339659222
"1259",2.59889884993576
"1260",1.16197189976809
"1261",6.77125424156553
"1262",-0.90110978539698
"1263",-1.45894167112409
"1264",2.61723454189783
"1265",1.98464819531373
"1266",1.66640463074554
"1267",5.17969090042804
"1268",-2.17735607459442
"1269",1.4638742915308
"1270",0.210179808573736
"1271",-0.613811094300772
"1272",-1.19553738929865
"1273",1.05795705579246
"1274",0.360475075287644
"1275",-4.07591904720762
"1276",-4.67020839339327
"1277",-1.51051236687388
"1278",0.146052477580438
"1279",7.14690048222452
"1280",1.19150311258347
"1281",0.541296342570499
"1282",-0.0577313946138407
"1283",-0.532556668295861
"1284",5.33789873267179
"1285",-0.846048080955128
"1286",-2.82098043931334
"1287",-1.25270103963938
"1288",1.37875754433188
"1289",0.855260601535544
"1290",-1.73445650158708
"1291",-3.81073767637988
"1292",-1.16355429710335
"1293",-1.31138004431564
"1294",-2.20085582716129
"1295",-0.969032814417727
"1296",-0.420274166635872
"1297",-4.82941300459973
"1298",4.55282184922333
"1299",-1.63654565141694
"1300",-2.97959844933189
"1301",-2.52816828162783
"1302",0.769684917010034
"1303",-4.21556392497076
"1304",4.65070577806341
"1305",-1.69410597452086
"1306",0.97042145809732
"1307",0.0586495703289724
"1308",1.38922586247622
"1309",-1.54056510471785
"1310",-0.322109423547486
"1311",1.82949050113332
"1312",-1.97423323246859
"1313",-0.375813081838878
"1314",2.49512887398317
"1315",4.49582164044578
"1316",-1.0002405639895
"1317",1.5907358511694
"1318",0.668937046972255
"1319",0.323894442363127
"1320",4.91082381412281
"1321",2.62771512810427
"1322",5.42320451471747
"1323",2.60491589501267
"1324",1.7770469011186
"1325",-1.98879846544175
"1326",-0.917633171253586
"1327",-3.8324400054972
"1328",-0.239180886402007
"1329",5.14235608462523
"1330",-0.863926560507961
"1331",-3.61978494566865
"1332",9.55009588056429
"1333",5.61091329228991
"1334",2.48090702913255
"1335",3.38623583798445
"1336",-6.76671903507507
"1337",-0.792856072857894
"1338",3.74677414206368
"1339",-2.40870937838036
"1340",4.37356350863237
"1341",6.15055456440518
"1342",0.569799915489092
"1343",-2.26844729415442
"1344",0.857210935603366
"1345",2.9377380378692
"1346",3.97153557559377
"1347",3.51096534189919
"1348",1.38585184383734
"1349",3.60208899124652
"1350",0.958138423052494
"1351",1.08562947605791
"1352",4.07866681274522
"1353",1.08034811081513
"1354",-0.248661702193719
"1355",-2.99467814830616
"1356",-0.491046360717428
"1357",4.02935912393646
"1358",-0.703630804707994
"1359",-2.24520005059629
"1360",-1.593459776387
"1361",-0.131647843067002
"1362",1.2404007914678
"1363",2.71299491091937
"1364",-3.95061296874738
"1365",-5.19975130452724
"1366",-5.88655453897226
"1367",-0.33340120514071
"1368",-4.17483076693308
"1369",-1.67076743719557
"1370",-2.09847766572944
"1371",0.479295179329577
"1372",3.72668257881613
"1373",12.905526213393
"1374",-4.02945880381394
"1375",-1.79186199505392
"1376",3.21786285279689
"1377",-0.734943599863207
"1378",1.72428784635075
"1379",3.43594150121069
"1380",-4.18454326591116
"1381",0.854437287686654
"1382",-1.41571988589571
"1383",-0.709224662503073
"1384",-3.38971854432464
"1385",-1.16345738979304
"1386",0.440324762893519
"1387",-2.0576986998399
"1388",6.77783070347795
"1389",-1.68801077760835
"1390",7.67375141976497
"1391",1.22344041074326
"1392",-7.41063830543119
"1393",2.32327021275213
"1394",1.37898490793133
"1395",-0.964929170203251
"1396",9.30578884390272
"1397",-3.21051123856925
"1398",-2.77483788565845
"1399",-1.28690543172111
"1400",-5.14120600085909
"1401",-5.06955242628218
"1402",-2.52973699021807
"1403",-2.580462739103
"1404",-5.02502656399929
"1405",-0.632881756709354
"1406",2.613495378289
"1407",0.779514168017517
"1408",-0.486656398758587
"1409",-2.18059864282468
"1410",-3.32655275272598
"1411",-1.21424263792339
"1412",-0.436476696080051
"1413",1.25098583487669
"1414",1.02715555297381
"1415",5.68771986297162
"1416",1.39741131277078
"1417",6.27610679615539
"1418",-1.67635021690018
"1419",2.59132308493217
"1420",3.84857556933221
"1421",-0.261147042510368
"1422",1.78539382707478
"1423",0.756916532042283
"1424",3.90571543203442
"1425",0.205569383266495
"1426",-3.9722813852008
"1427",0.944428590448062
"1428",3.38323711628822
"1429",-1.82703921215225
"1430",-4.5904629877838
"1431",-3.81048514325644
"1432",-1.25640432243589
"1433",-1.98054229838723
"1434",-3.78133997773184
"1435",-1.99959559495865
"1436",-2.10223458642636
"1437",1.37871820238689
"1438",-1.77191007743124
"1439",-1.25367872414295
"1440",1.51254927269329
"1441",-0.0254870646693135
"1442",-2.47725321694532
"1443",-1.15272936176516
"1444",2.06051823392075
"1445",-1.47589585104857
"1446",0.527219406015089
"1447",2.830020966708
"1448",-0.754023611957841
"1449",-1.7598546931296
"1450",-1.56088144142262
"1451",3.47481165669854
"1452",-2.50492034565775
"1453",-4.91761500536818
"1454",-1.28498616320955
"1455",1.18054540719496
"1456",2.47466102432447
"1457",5.2349605200248
"1458",2.071152833128
"1459",-0.956899786741604
"1460",7.41935508708386
"1461",0.245055081050873
"1462",3.39165301689376
"1463",0.265909058827258
"1464",-2.25727489954647
"1465",-6.01851268836934
"1466",-2.19422488618579
"1467",-2.42269876540493
"1468",-0.700309250496894
"1469",-3.70097244500991
"1470",1.65303366322275
"1471",-2.00516584769557
"1472",-0.991123082115585
"1473",-0.726137485691441
"1474",-0.278897089839076
"1475",-1.07362481473502
"1476",-2.11802696403565
"1477",0.0587316414133507
"1478",1.57932524503405
"1479",-1.10823190249739
"1480",-3.62794035553314
"1481",-1.06657002758927
"1482",-1.70071277769591
"1483",-1.50355485936462
"1484",-0.355904920295337
"1485",-0.838608644494768
"1486",0.349928016766556
"1487",-4.78410186859857
"1488",1.47189649122421
"1489",2.23415666762398
"1490",2.34405741031341
"1491",4.23666957238825
"1492",-1.23223452051336
"1493",-2.97309985073969
"1494",8.33571975442591
"1495",-3.77412071107353
"1496",0.85675826174438
"1497",0.416919252363099
"1498",-9.68330404774336
"1499",0.0845745571009155
"1500",-0.148299557906211
"1501",2.3505088265395
"1502",4.27795421049178
"1503",1.27024239355273
"1504",-0.0524124392845646
"1505",2.76295988950653
"1506",0.508352176763854
"1507",-2.01973699180022
"1508",-0.652422662698184
"1509",-0.118581333486826
"1510",-0.548355106239889
"1511",2.72494905852583
"1512",5.15872786131351
"1513",2.31126519934712
"1514",-3.77551145083452
"1515",4.57185343112051
"1516",2.41196422480686
"1517",2.31252125768198
"1518",0.364459985759216
"1519",5.30812388908702
"1520",-4.44612808415748
"1521",3.35833368942067
"1522",1.26254258662033
"1523",0.0251143228688377
"1524",1.94503553019132
"1525",0.781654695662865
"1526",-5.9737409439981
"1527",-0.113919755235531
"1528",6.79778050876485
"1529",-1.33613054802249
"1530",1.06854132219867
"1531",-0.594198785127777
"1532",0.727114865374987
"1533",-4.19240902469345
"1534",-2.23506090511181
"1535",0.113608684859312
"1536",-0.644728650412327
"1537",-0.921167768917566
"1538",0.146631599073613
"1539",3.99971920288694
"1540",1.57152138211296
"1541",-3.94382372457743
"1542",2.54117525945104
"1543",1.51082307660694
"1544",0.731228332006217
"1545",-3.65685961542839
"1546",-2.3724972656652
"1547",-1.48669633454832
"1548",-5.26423852551321
"1549",2.40753399744716
"1550",0.913866043468129
"1551",0.467708728596631
"1552",1.81783491120437
"1553",3.88072063826605
"1554",10.366268277932
"1555",24.6043063705955
"1556",0.0551161168545198
"1557",-1.13070236013259
"1558",2.44217724978923
"1559",3.79223742584958
"1560",-0.290151454613764
"1561",-0.421919164427552
"1562",-1.58002484986151
"1563",-1.57143024693422
"1564",3.53898475785498
"1565",3.49480153785853
"1566",3.27100864102983
"1567",1.61638424713449
"1568",-1.15621021524282
"1569",-0.348968188536317
"1570",3.05188562270391
"1571",2.71352820907153
"1572",1.76963552910006
"1573",1.12466367327621
"1574",1.21581465950208
"1575",-1.90967338737024
"1576",-1.56112539836624
"1577",-2.1979058554792
"1578",-1.95522218374488
"1579",-2.71272490947123
"1580",1.90349539272545
"1581",-7.89075363937487
"1582",-6.09070041062075
"1583",0.729396404826151
"1584",-1.2282450982572
"1585",-4.97958206852502
"1586",-5.18294232540352
"1587",-2.23257391413353
"1588",0.570224807411409
"1589",4.60090826023731
"1590",-2.32948728848289
"1591",0.88360631106404
"1592",1.26943163067855
"1593",3.7678186671575
"1594",-0.130109259344389
"1595",0.309567041282308
"1596",2.39719739087263
"1597",2.15371942433125
"1598",0.706831354679717
"1599",4.14118958517499
"1600",5.60232826450283
"1601",1.91414719352034
"1602",0.042772490496346
"1603",-0.215256636137407
"1604",-0.874406019236103
"1605",2.27264699713687
"1606",0.461030798852869
"1607",5.74301523383248
"1608",1.81050086138682
"1609",-4.40508803776879
"1610",5.39971304896055
"1611",3.71857932652793
"1612",3.49527832794332
"1613",2.52140439041106
"1614",-3.03791832208023
"1615",-1.3755848248199
"1616",16.2538437355373
"1617",4.66317483026947
"1618",4.13493714384643
"1619",1.58140833886843
"1620",5.2492400380482
"1621",-0.0305475214478292
"1622",-1.10188137546173
"1623",3.19254717106621
"1624",1.0891507666789
"1625",1.09293093585342
"1626",0.554718931765771
"1627",-3.48328918072141
"1628",0.13567733897426
"1629",0.509223384167278
"1630",-6.77956493183636
"1631",-5.65400420133855
"1632",-5.33009653502952
"1633",1.22455180467168
"1634",3.32551931338917
"1635",1.05421360960369
"1636",-0.00199220693677926
"1637",2.01107883122569
"1638",3.88034047552823
"1639",3.08432840214429
"1640",-1.22182885360882
"1641",4.01482766413786
"1642",-0.174517278267778
"1643",-2.70144223631213
"1644",-0.620234446904012
"1645",-0.0965414801606181
"1646",-0.594591854855747
"1647",2.01322427046169
"1648",-0.347107817693898
"1649",-0.778907285585193
"1650",1.23190254597369
"1651",-0.0444035730535344
"1652",-1.47586306392297
"1653",2.51440875819668
"1654",2.72380056959365
"1655",-1.50919407726817
"1656",0.287237705043594
"1657",1.88170272137178
"1658",4.16081590682325
"1659",0.956957524522992
"1660",1.801061985638
"1661",2.36740553591218
"1662",-0.475358231350343
"1663",-1.37161265676659
"1664",6.5051480310082
"1665",0.0860636990646428
"1666",0.877657158685296
"1667",1.1461899938863
"1668",1.78487869292587
"1669",0.0178150019710541
"1670",-3.40275920282833
"1671",0.108633115210274
"1672",2.36464002414225
"1673",2.16695776722671
"1674",-4.50625813901351
"1675",-1.62930348527054
"1676",-2.47114773978593
"1677",3.38712218884729
"1678",0.704432309159492
"1679",-1.45179294006539
"1680",-0.852421146394049
"1681",0.417433962165031
"1682",-3.50093864182108
"1683",-0.644654215138539
"1684",-2.823016160473
"1685",-5.88577680011005
"1686",-2.91936834548884
"1687",-3.149902978323
"1688",1.95371769362068
"1689",-0.254828073625654
"1690",0.15332211090032
"1691",6.4104962467811
"1692",0.848051194030226
"1693",-0.818032429976011
"1694",-1.17257943435678
"1695",1.08060014205628
"1696",-3.39552929201365
"1697",-5.54459180322578
"1698",-2.18848566900979
"1699",-1.80792456823693
"1700",-1.50980365916772
"1701",1.78794721273526
"1702",-1.8729875666564
"1703",-2.96796312699465
"1704",-3.62896627603561
"1705",-5.04751442678647
"1706",-0.894257812792759
"1707",-5.38994243869298
"1708",-4.54411971603629
"1709",-4.68926046748668
"1710",-1.89094652498017
"1711",3.16510278550419
"1712",4.71467826326154
"1713",-2.07042705793447
"1714",-0.411691030502113
"1715",1.8223098688514
"1716",-2.26746497596088
"1717",-0.666120304994458
"1718",-4.44903028176914
"1719",-7.14126393100913
"1720",-2.36673011914101
"1721",-2.02907846370279
"1722",-2.80262948846085
"1723",-0.693471746361029
"1724",-2.19056106576944
"1725",1.27752456882954
"1726",-2.7567556607992
"1727",-0.713735131325238
"1728",-0.98939892528675
"1729",0.261083533302464
"1730",-3.38197311993471
"1731",-4.67015737518238
"1732",-0.0871584300402866
"1733",-2.12730616252402
"1734",-1.50387943640192
"1735",-0.140072695166286
"1736",-2.94685929039556
"1737",-1.50446993523547
"1738",-2.88933793326945
"1739",-4.31321639318048
"1740",-0.715823252365754
"1741",-0.571962534327335
"1742",-2.65936126947853
"1743",-3.58854005764328
"1744",-3.06563262348653
"1745",-1.45021217455773
"1746",-1.52235113311325
"1747",-0.497156770023948
"1748",-6.72314592488349
"1749",0.0194206565176103
"1750",-2.40593668839331
"1751",-3.80502341199039
"1752",-0.546934649931063
"1753",-1.95765667428968
"1754",-5.2596629939516
"1755",-4.12520323804494
"1756",1.34810672203453
"1757",-6.71103444546188
"1758",-2.58299060233508
"1759",0.0184107805842961
"1760",-1.60276643284477
"1761",-0.889588918613445
"1762",-1.27558461316864
"1763",-2.34786454701174
"1764",2.62080845168514
"1765",-0.721325872592117
"1766",-1.78981079856078
"1767",-3.49264020032926
"1768",-4.2810778034556
"1769",1.79427696387105
"1770",-5.16433727995309
"1771",-4.14241580356784
"1772",-2.74682626508452
"1773",-1.38774120846973
"1774",0.719803549396564
"1775",-1.91234886985219
"1776",-2.00833304334672
"1777",-3.08257513554378
"1778",-2.01985825501638
"1779",-4.30093908582686
"1780",-5.19808447666124
"1781",-4.17144328819798
"1782",1.80853482100548
"1783",0.111028233616293
"1784",-4.43067193462594
"1785",-1.37724904192784
"1786",4.30943052793987
"1787",1.70835458493747
"1788",-2.59555611433581
"1789",-1.4974919721411
"1790",4.00720612440404
"1791",1.79181061881945
"1792",-1.69708598830105
"1793",-2.23272862051005
"1794",1.3363511500209
"1795",-0.339475830086747
"1796",0.262242557918088
"1797",-3.22170813792745
"1798",-0.756088224575413
"1799",-2.56677829426937
"1800",0.20604761407783
"1801",-1.5895200052962
"1802",-1.42351299651437
"1803",-4.09001741998035
"1804",-3.63924352555754
"1805",-1.69691000057027
"1806",2.24444991470984
"1807",-0.13947592527225
"1808",-1.10062691312218
"1809",1.62796445037975
"1810",-1.00112637179747
"1811",-1.22282052943852
"1812",-0.332428671214696
"1813",-1.17710604604717
"1814",-4.04017311284012
"1815",-6.80012879591442
"1816",-1.92936749848123
"1817",4.96083057119818
"1818",-0.53480933615812
"1819",-0.913145405729369
"1820",4.62096882761671
"1821",1.92830956350929
"1822",-1.23137613325607
"1823",1.88985693184313
"1824",4.75217222387961
"1825",-0.210342984952723
"1826",-2.59209373105555
"1827",-0.683918564375282
"1828",2.50551798461319
"1829",9.19896830236322
"1830",7.43968161747659
"1831",-0.803904692713719
"1832",4.55835537704177
"1833",3.22581533812229
"1834",-0.173796130680371
"1835",6.19683188294666
"1836",1.49772480166333
"1837",-1.16688027980252
"1838",-2.1216536385584
"1839",-0.43985224412004
"1840",3.59010757326146
"1841",-2.49116318344672
"1842",-4.57508943100832
"1843",-4.68940581081069
"1844",1.31495357327976
"1845",0.935711812614024
"1846",0.338044365479615
"1847",0.780488459508505
"1848",0.183979749489755
"1849",0.470354629209519
"1850",2.52770416653113
"1851",-1.2151583284583
"1852",0.899312694566405
"1853",-1.85106596108109
"1854",1.67739268109921
"1855",2.37570105692583
"1856",3.24630311874197
"1857",0.871732689985555
"1858",2.68195003198367
"1859",-2.60789501682541
"1860",-3.23176010252672
"1861",-1.08354553875105
"1862",2.78097214986111
"1863",-0.0207781897798531
"1864",4.934170745165
"1865",-3.13494361319661
"1866",-2.00222385437331
"1867",2.08524298635317
"1868",-1.31259406423547
"1869",0.0395958991050742
"1870",3.40893071748805
"1871",1.66482547061963
"1872",-0.922686906108937
"1873",1.30532783331402
"1874",3.81968243062822
"1875",5.93615997776317
"1876",-4.97387283957408
"1877",-3.53387129207044
"1878",-2.3943576326231
"1879",-2.20493947199973
"1880",-5.2450507478456
"1881",-5.29951143189001
"1882",-4.6180048178327
"1883",-0.0964862485284792
"1884",-7.03213874771488
"1885",-8.5283780314692
"1886",-0.635614229170959
"1887",-2.13859372480765
"1888",-2.16406775972531
"1889",-6.73777368980593
"1890",1.01186765186316
"1891",-0.233059078357075
"1892",0.367919867863974
"1893",-1.98053010607254
"1894",1.19818349252261
"1895",0.732631504050466
"1896",-2.42171180536545
"1897",-1.13650262161339
"1898",-2.10801251557353
"1899",-0.40568364243746
"1900",-1.51970272896661
"1901",0.978340571692389
"1902",2.38206551017671
"1903",5.84788416275982
"1904",5.02768749304987
"1905",3.08774092944106
"1906",0.178922062824501
"1907",-1.2569860978144
"1908",4.83230182301847
"1909",0.764846641403263
"1910",-3.27607545802632
"1911",-8.05830553117561
"1912",5.00341539604541
"1913",2.4585696519431
"1914",-2.21182495009461
"1915",3.51093507740539
"1916",3.30910095240207
"1917",7.07127358989735
"1918",3.65499288869469
"1919",2.50198381782153
"1920",-3.75682140357734
"1921",-5.82968107263086
"1922",-4.47680893078408
"1923",1.39417522185727
"1924",-3.6660928883491
"1925",0.111702038803358
"1926",3.88300636730376
"1927",7.32662174467573
"1928",20.6477276906553
"1929",2.37598173792266
"1930",-5.21556923439122
"1931",2.83011291852798
"1932",5.13541430228899
"1933",-1.33859920818489
"1934",0.127422706010834
"1935",-1.5958333766962
"1936",4.67567603919966
"1937",3.43692951591005
"1938",1.45575239065356
"1939",3.89569748602005
"1940",0.375529770408357
"1941",0.878198770769773
"1942",2.53529793679416
"1943",1.1582583694337
"1944",2.00138250896779
"1945",2.50393213620891
"1946",-4.50534642836034
"1947",-2.72408857469403
"1948",-3.90832982364207
"1949",1.83298735943637
"1950",-0.542502905295605
"1951",6.36399304357137
"1952",3.05678712737085
"1953",4.81007649953573
"1954",-2.00816321999532
"1955",1.1412656298616
"1956",-3.02428190662168
"1957",-1.10346327916445
"1958",-5.38253830848117
"1959",-0.935984584166154
"1960",0.0264740209031089
"1961",1.86381587847764
"1962",1.28298210951014
"1963",-3.16242655000708
"1964",-2.4297301176076
"1965",0.296958017632392
"1966",-1.60625886217337
"1967",-0.169022025308285
"1968",-0.824583848261074
"1969",2.60887513688087
"1970",-0.931294905236135
"1971",0.381127708393484
"1972",-2.60011511391403
"1973",-3.78030958824577
"1974",-4.74816324884627
"1975",-1.12917366623103
"1976",-2.70482363388826
"1977",-1.41644529642452
"1978",-1.08054674001317
"1979",-1.34960336580227
"1980",-0.149597208312369
"1981",-1.22286697672525
"1982",-0.980070317224767
"1983",-2.26626980441259
"1984",2.22462756471134
"1985",-0.0417924751866536
"1986",-0.751066687431943
"1987",3.91078969258717
"1988",-1.38585490567776
"1989",-0.648079119180099
"1990",1.31866648974817
"1991",-5.95279520286111
"1992",-1.16372469567096
"1993",-2.17963247072835
"1994",-4.57605354100278
"1995",0.337914265912616
"1996",-0.324866086634172
"1997",-1.19445177724442
"1998",0.814908688513084
"1999",-2.48518896916367
"2000",-0.916960147818386
"2001",0.485081950654678
"2002",0.243982492257823
"2003",-0.365934349537302
"2004",-0.633376599028181
"2005",0.551972549152161
"2006",2.19187908500345
"2007",5.21030926676895
"2008",1.19702167045622
"2009",-0.219142914766741
"2010",0.768656439838035
"2011",1.34005557924413
"2012",-2.29549138509716
"2013",-0.976456390663794
"2014",-0.933397148636792
"2015",-2.46753180915417
"2016",0.14807990833304
"2017",-3.62281941852526
"2018",-1.87359219463331
"2019",2.43506852829355
"2020",2.55290265913252
"2021",1.94412760283918
"2022",-1.83046664154899
"2023",-5.21310002151906
"2024",-2.49749191214775
"2025",-1.25547560737631
"2026",1.85430335431779
"2027",-1.26062630646308
"2028",-2.18853394379204
"2029",-1.03289536096366
"2030",5.29232246311616
"2031",8.67016600890364
"2032",0.654009117920578
"2033",0.8632218002892
"2034",-2.24706724265044
"2035",1.38052404665835
"2036",-0.448395981854889
"2037",-3.75215820729143
"2038",-4.96596031041986
"2039",-2.57232944283466
"2040",-3.4497596194501
"2041",-2.31524543287708
"2042",-4.93489366628202
"2043",-1.45858634851241
"2044",-1.34645998868275
"2045",-5.1541238742703
"2046",1.10726331631576
"2047",1.3901477303686
"2048",0.636004912560223
"2049",-3.61754768119993
"2050",-2.28877312632098
"2051",2.10571730304385
"2052",1.10260935816865
"2053",-3.4841537490362
"2054",-5.69600441970469
"2055",-1.06989165444217
"2056",-2.2440748877893
"2057",2.53577893421342
"2058",-3.56124068483355
"2059",2.29262974985745
"2060",-2.14310265922231
"2061",2.00894465103864
"2062",-0.407403779368839
"2063",3.354553234988
"2064",-1.73735614565495
"2065",-3.13034347802788
"2066",-1.5920552042642
"2067",1.0351662415333
"2068",-0.277461223855736
"2069",-1.35435920786075
"2070",1.02556407272946
"2071",0.917893426126155
"2072",2.19398705888571
"2073",-1.34684476425799
"2074",-1.01280576910091
"2075",4.72408589797585
"2076",-0.814114394377206
"2077",-2.94656352119347
"2078",0.189115190269124
"2079",3.11117387995962
"2080",1.3523975507191
"2081",5.15012604045842
"2082",-0.521414507722272
"2083",2.71842397072675
"2084",0.0271991924029438
"2085",-4.04698480199851
"2086",-0.135559178366996
"2087",-3.53437180899282
"2088",2.29084144412308
"2089",0.252808267997898
"2090",1.475391144594
"2091",-0.355879316352961
"2092",-2.00952541086156
"2093",-0.455729890594673
"2094",11.984601323838
"2095",-0.283531549840286
"2096",0.0341408391677058
"2097",2.57912540397516
"2098",11.2182354396766
"2099",6.4968073121233
"2100",-1.57588996362559
"2101",2.28665004059257
"2102",2.6543546881178
"2103",-1.72251605365856
"2104",1.54966764951152
"2105",1.26719328492119
"2106",-3.76274599757076
"2107",-1.88958306508288
"2108",0.309528351981209
"2109",2.75918416462445
"2110",-0.757344164663673
"2111",-0.817336115002311
"2112",-2.80880474884208
"2113",25.0730006372548
"2114",21.7521334781672
"2115",5.41327424378315
"2116",1.65511327871701
"2117",6.93165493052261
"2118",2.33864250962376
"2119",-2.02758778165123
"2120",-3.44570078810765
"2121",-6.95066704370108
"2122",-4.69578761631956
"2123",0.606721457616405
"2124",1.6773748068894
"2125",3.51658608607308
"2126",1.76539111423262
"2127",-2.12140101718305
"2128",6.9420543378099
"2129",-0.128340828324816
"2130",4.87041178634451
"2131",5.60637372446681
"2132",6.13543920156771
"2133",4.89437269661065
"2134",1.51105106339724
"2135",0.891959348958935
"2136",10.8933457485681
"2137",-1.02875805262988
"2138",-0.0653566570443456
"2139",-2.07858544789991
"2140",10.0727382226479
"2141",-0.775707615007854
"2142",0.133119657939377
"2143",-4.55403733073884
"2144",-1.17099099182091
"2145",0.201681038674248
"2146",1.1859883151425
"2147",-1.24879946396188
"2148",0.765871079368774
"2149",-3.44447113614262
"2150",0.715551575291452
"2151",3.61849611638818
"2152",2.60313155288017
"2153",-1.71483781641772
"2154",-2.91959355853056
"2155",2.0992861702637
"2156",2.15905398846601
"2157",-2.44787315503465
"2158",-2.49961506691419
"2159",-1.73324659460562
"2160",5.29728070137355
"2161",-1.54372916664631
"2162",-1.51775733299567
"2163",0.493399174685087
"2164",8.55138655482585
"2165",-0.499771218677001
"2166",1.11180894085748
"2167",1.03615097050846
"2168",-0.688829264155765
"2169",1.2052245526507
"2170",-0.0383625187753411
"2171",-3.12198069535443
"2172",1.91236037368515
"2173",-2.63787245245989
"2174",0.768179314711334
"2175",6.08019967941658
"2176",1.21303248646645
"2177",-0.241878007887508
"2178",-0.80717931153631
"2179",4.46581360722611
"2180",2.00567211688499
"2181",-0.654139511664933
"2182",2.52827737906375
"2183",-0.100840885222145
"2184",0.462588661786992
"2185",0.985763223898608
"2186",-1.61933591776665
"2187",1.45894097785985
"2188",-2.85250438455087
"2189",-6.39238277535876
"2190",-2.18020180601546
"2191",-1.36730298873571
"2192",-1.34923431777685
"2193",2.10639153230191
"2194",-5.57882064191057
"2195",0.212356206127318
"2196",-1.36407327970407
"2197",4.95682486761553
"2198",1.43448404684803
"2199",-1.92031855198189
"2200",-3.32107409116307
"2201",0.418564887841343
"2202",-0.379190785917197
"2203",1.23896421388493
"2204",-3.42689244651674
"2205",0.30008606689342
"2206",-1.37259358250706
"2207",-1.42601107978623
"2208",3.90214468595359
"2209",1.27761007411447
"2210",1.91215110569852
"2211",2.68921648622497
"2212",4.43656841109961
"2213",1.38807925025372
"2214",5.23239076374081
"2215",0.509082439859178
"2216",0.723018087384902
"2217",1.92948160272754
"2218",-3.10071084438187
"2219",-4.43740928614702
"2220",5.48605076487616
"2221",-0.223426039426867
"2222",-0.25546401157779
"2223",1.31226469110284
"2224",-2.46835880536917
"2225",-2.52500302444453
"2226",0.530982756018107
"2227",-0.908607342743454
"2228",-4.06162505242402
"2229",-1.95279005855692
"2230",-0.510526388662639
"2231",3.49558028196094
"2232",-1.34036823257082
"2233",-3.01401975369876
"2234",-2.730012256545
"2235",-6.06628970137483
"2236",-1.08733177559074
"2237",1.30679370163973
"2238",-3.3309818119443
"2239",-1.04755965901437
"2240",-0.3430276336096
"2241",-2.08024240795661
"2242",-6.51796277691033
"2243",1.64587374260674
"2244",-0.435695193811354
"2245",-1.31948296220203
"2246",10.3744431689003
"2247",2.91144722362981
"2248",0.183543181080654
"2249",23.7033678051869
"2250",1.78602957786129
"2251",0.365629687254478
"2252",-2.47105656186137
"2253",-2.61236404839301
"2254",2.30042219691955
"2255",-4.19831789098021
"2256",-5.0216000962192
"2257",-1.79716915462387
"2258",0.313325249255953
"2259",3.99680983797078
"2260",-2.09220777437152
"2261",-4.93317781551464
"2262",11.4809974224183
"2263",1.02693408914904
"2264",1.17437984458933
"2265",-0.931041199048479
"2266",1.04785263797441
"2267",-2.81411996745348
"2268",2.25862228003205
"2269",-0.788340709437431
"2270",-3.12313354113676
"2271",3.60871065555916
"2272",1.41420201357965
"2273",-1.94156941514303
"2274",-4.13916409328691
"2275",-4.16869845749121
"2276",-7.1925625150693
"2277",-3.3006883391594
"2278",1.11852685093918
"2279",-4.11692112538967
"2280",-1.80882372685794
"2281",2.75489332075497
"2282",-0.604035778907523
"2283",-2.42146545342554
"2284",-3.45222504467739
"2285",-8.95670425570399
"2286",-1.79079800101891
"2287",-3.04492376869166
"2288",-0.0631408028708957
"2289",2.9053322266278
"2290",1.43093568079741
"2291",-0.814310182525461
"2292",-2.06978832733379
"2293",-4.35823214370356
"2294",-3.67941368332549
"2295",-0.611131490377727
"2296",1.12082594840203
"2297",0.60801038223777
"2298",-1.09506431244072
"2299",2.19406869850197
"2300",1.1465729535955
"2301",-5.52557800741164
"2302",6.79025036910754
"2303",-0.274046424020145
"2304",1.37080067810609
"2305",0.659104897730592
"2306",-1.98543169858981
"2307",-1.28783481487527
"2308",-5.57489667864177
"2309",-11.695873886674
"2310",-7.19720434034016
"2311",-4.6442705572766
"2312",5.90489301172444
"2313",4.51596194640202
"2314",1.48485133957186
"2315",27.721069657166
"2316",2.77520290368493
"2317",0.623797226297856
"2318",-2.15996338096257
"2319",-1.86845355030631
"2320",-2.0986366665423
"2321",0.981092945917355
"2322",-5.13259205177615
"2323",0.196355269076553
"2324",1.92323415839048
"2325",-0.29726439958097
"2326",-0.625631890501014
"2327",-0.78291088768554
"2328",2.6101419093257
"2329",-5.00056918711958
"2330",1.25789840728323
"2331",1.25722045002269
"2332",-2.71508021680589
"2333",-1.19279779503031
"2334",-0.046894529038183
"2335",0.253992405047411
"2336",-2.72253230226671
"2337",0.443053435750633
"2338",4.10730259444957
"2339",16.2545203866096
"2340",-0.73642193541449
"2341",-0.557896587206504
"2342",-3.66285468747981
"2343",-3.01049933324315
"2344",0.811119960711207
"2345",-3.37408056366075
"2346",-4.22794201485771
"2347",-1.21414913977288
"2348",-0.93077740147036
"2349",-0.429007561774911
"2350",-1.23001971976033
"2351",-0.975489703031614
"2352",-2.08878432780431
"2353",-1.95577050023862
"2354",-0.83779859076264
"2355",1.5356648193278
"2356",1.21867782072641
"2357",5.85531673257997
"2358",-2.50364977569845
"2359",0.257707448444484
"2360",-0.57548163191154
"2361",3.18826705973492
"2362",0.0433329304904655
"2363",0.720551503770068
"2364",1.29094054861338
"2365",6.58575416630508
"2366",3.15607289074833
"2367",-0.124376711528927
"2368",-0.69458033862804
"2369",-3.21737990113409
"2370",1.76694406068634
"2371",-2.44981254781667
"2372",-0.193017712576468
"2373",1.65003389527759
"2374",-2.3875215141816
"2375",-1.15286793304168
"2376",1.29453761581924
"2377",0.823583203954535
"2378",4.56955515455708
"2379",-0.195852061998553
"2380",1.66139653008975
"2381",2.4257684614789
"2382",0.580962378301568
"2383",-0.642319502779134
"2384",1.25447354067148
"2385",0.751156686054604
"2386",-0.434248157222019
"2387",1.92886310185125
"2388",2.07312418549025
"2389",3.21381148935679
"2390",1.5265024175633
"2391",0.814583196495941
"2392",0.961950203741697
"2393",1.73111431988099
"2394",-1.24193454247822
"2395",-0.61503665081423
"2396",-0.168490963840712
"2397",8.78325651950546
"2398",2.677578574938
"2399",-4.7145395836795
"2400",-0.867145724903061
"2401",-1.78136242094219
"2402",-1.64053392339693
"2403",-0.577979392089251
"2404",-1.23162584106482
"2405",-2.8818012946577
"2406",0.151919611523993
"2407",4.92064897974723
"2408",-0.234086565057091
"2409",-0.472744778978462
"2410",3.51846664853555
"2411",1.29583784229261
"2412",-0.775584893629888
"2413",1.95942395009139
"2414",1.27695974883596
"2415",3.66947473010702
"2416",-3.26211001381464
"2417",-3.53462607457266
"2418",-2.82369111977063
"2419",1.36746318908109
"2420",2.78452441230216
"2421",-1.56025891810756
"2422",-0.559085174994943
"2423",7.72433495832452
"2424",0.404745440779267
"2425",0.238884267720579
"2426",1.05061589733879
"2427",-1.09477754542223
"2428",-2.18175095509258
"2429",-0.628726325121999
"2430",2.40676666949465
"2431",6.06059821946989
"2432",6.66008558059601
"2433",2.74843359349109
"2434",4.16086755035083
"2435",-3.38739728328992
"2436",1.26051047770029
"2437",1.49326986705368
"2438",2.13070500931004
"2439",0.430275028792818
"2440",-1.57531890260914
"2441",1.04422130318409
"2442",1.49343091145697
"2443",0.145744649795458
"2444",-0.712212511214038
"2445",-2.96911550669631
"2446",-0.0341356139595197
"2447",2.36869522351354
"2448",1.62451849258057
"2449",6.03785695901295
"2450",-0.638583543577623
"2451",0.331522723050448
"2452",4.85003103901284
"2453",-2.64890654092958
"2454",-0.501815071885114
"2455",-2.07304476016329
"2456",-0.687227798760809
"2457",-0.545085093231227
"2458",-0.129120035166804
"2459",-7.12933302636626
"2460",-1.33247695625004
"2461",-0.439460693162467
"2462",-3.2291120818903
"2463",-3.8570259974636
"2464",0.133894540877213
"2465",-1.92120035163108
"2466",2.48009928984427
"2467",-2.92958507183664
"2468",0.0496288534354941
"2469",-1.10405240152464
"2470",-0.169375520643736
"2471",2.31762894025121
"2472",1.23212412238986
"2473",0.698912878022128
"2474",-0.0517870241492817
"2475",2.55929946590652
"2476",-0.162664368003682
"2477",-1.22404530199957
"2478",-3.73689394569773
"2479",-4.72015409679729
"2480",-1.29195363752107
"2481",1.66396158661315
"2482",-4.11008510173855
"2483",-3.83820112942387
"2484",0.695770827337366
"2485",-3.91672168129097
"2486",0.242056401782458
"2487",-4.02076937767754
"2488",-1.67035739758596
"2489",-2.15552274799193
"2490",2.18665828208804
"2491",0.278994573197866
"2492",1.42591303907689
"2493",-2.08380701735472
"2494",0.89573764033859
"2495",-0.137352401355356
"2496",-0.818825709881341
"2497",-0.574080326149113
"2498",-0.72604196057792
"2499",0.33867410944074
"2500",-0.525647341341374
"2501",-1.85397583099794
"2502",-1.18171397344655
"2503",-1.15030228988342
"2504",-2.1030501401915
"2505",-2.28762586552092
"2506",1.50530293342628
"2507",0.247058057838103
"2508",1.5352943273385
"2509",1.05716691977245
"2510",-1.58705151007092
"2511",-2.62452422936582
"2512",-2.35565675835082
"2513",-2.46353509296169
"2514",-3.50497992231671
"2515",-1.19077633083614
"2516",-1.63394960694367
"2517",-1.91125000078574
"2518",2.91692614407215
"2519",0.280317851690228
"2520",-1.85012629313431
"2521",2.3835545904508
"2522",-2.68569863174306
"2523",0.342183217354562
"2524",1.86955726137869
"2525",1.73215774724985
"2526",3.33430895862746
"2527",2.779220963186
"2528",2.21946098069753
"2529",-0.125309561346125
"2530",-0.525242565519775
"2531",-0.45805981118718
"2532",0.0147887851931259
"2533",-0.735371662020654
"2534",-0.165331555350904
"2535",2.26279333903529
"2536",2.12954398859018
"2537",-2.05892476148601
"2538",2.15701356376359
"2539",-1.77362246493351
"2540",3.20130499783526
"2541",2.20944751044151
"2542",-0.620016034278774
"2543",1.43101191059186
"2544",1.0680748875348
"2545",2.08666187445552
"2546",-1.6804395951025
"2547",-2.13750964760413
"2548",0.826941725336011
"2549",0.748171877250971
"2550",0.0128741205915457
"2551",1.0070266180436
"2552",-0.52017808357499
"2553",2.18187745412187
"2554",-0.311308659790584
"2555",-3.00585543114304
"2556",-1.61120118052333
