Date,Pro-Reg Tweets Daily,Anti-Reg Tweets Daily
2012-01-01,2,16
2012-01-02,14,25
2012-01-03,36,40
2012-01-04,28,28
2012-01-05,47,41
2012-01-06,39,30
2012-01-07,16,32
2012-01-08,72,21
2012-01-09,67,33
2012-01-10,39,32
2012-01-11,35,24
2012-01-12,40,29
2012-01-13,51,25
2012-01-14,23,16
2012-01-15,37,24
2012-01-16,30,22
2012-01-17,51,24
2012-01-18,45,25
2012-01-19,28,24
2012-01-20,24,30
2012-01-21,2,31
2012-01-22,12,28
2012-01-23,41,30
2012-01-24,24,25
2012-01-25,39,21
2012-01-26,27,32
2012-01-27,19,35
2012-01-28,11,42
2012-01-29,10,22
2012-01-30,23,31
2012-01-31,24,38
2012-02-01,35,30
2012-02-02,26,36
2012-02-03,73,33
2012-02-04,34,30
2012-02-05,23,27
2012-02-06,47,42
2012-02-07,30,51
2012-02-08,35,43
2012-02-09,49,44
2012-02-10,59,50
2012-02-11,33,30
2012-02-12,19,24
2012-02-13,27,35
2012-02-14,49,47
2012-02-15,41,33
2012-02-16,32,46
2012-02-17,72,49
2012-02-18,11,34
2012-02-19,21,21
2012-02-20,13,24
2012-02-21,41,37
2012-02-22,73,43
2012-02-23,68,46
2012-02-24,41,34
2012-02-25,21,39
2012-02-26,67,35
2012-02-27,85,43
2012-02-28,111,48
2012-02-29,66,45
2012-03-01,69,57
2012-03-02,65,40
2012-03-03,16,28
2012-03-04,7,26
2012-03-05,24,50
2012-03-06,28,36
2012-03-07,30,44
2012-03-08,34,43
2012-03-09,45,28
2012-03-10,8,47
2012-03-11,6,30
2012-03-12,42,34
2012-03-13,42,54
2012-03-14,124,53
2012-03-15,224,35
2012-03-16,304,33
2012-03-17,92,29
2012-03-18,196,19
2012-03-19,132,48
2012-03-20,253,40
2012-03-21,333,38
2012-03-22,214,52
2012-03-23,225,46
2012-03-24,46,23
2012-03-25,136,33
2012-03-26,60,27
2012-03-27,101,37
2012-03-28,401,44
2012-03-29,295,43
2012-03-30,201,27
2012-03-31,168,18
2012-04-01,40,20
2012-04-02,115,27
2012-04-03,244,26
2012-04-04,227,32
2012-04-05,202,66
2012-04-06,176,51
2012-04-07,131,23
2012-04-08,76,33
2012-04-09,164,31
2012-04-10,152,35
2012-04-11,150,27
2012-04-12,180,32
2012-04-13,349,59
2012-04-14,83,41
2012-04-15,79,28
2012-04-16,79,28
2012-04-17,111,43
2012-04-18,77,51
2012-04-19,78,44
2012-04-20,55,43
2012-04-21,31,19
2012-04-22,20,16
2012-04-23,188,47
2012-04-24,63,46
2012-04-25,138,45
2012-04-26,146,41
2012-04-27,122,51
2012-04-28,16,18
2012-04-29,19,20
2012-04-30,61,35
2012-05-01,62,39
2012-05-02,47,31
2012-05-03,131,32
2012-05-04,126,36
2012-05-05,38,19
2012-05-06,59,14
2012-05-07,97,30
2012-05-08,93,43
2012-05-09,120,40
2012-05-10,129,30
2012-05-11,126,42
2012-05-12,18,19
2012-05-13,40,25
2012-05-14,111,30
2012-05-15,69,40
2012-05-16,125,45
2012-05-17,45,43
2012-05-18,110,38
2012-05-19,102,38
2012-05-20,89,24
2012-05-21,42,23
2012-05-22,109,48
2012-05-23,149,39
2012-05-24,95,27
2012-05-25,29,26
2012-05-26,14,33
2012-05-27,0,26
2012-05-28,9,8
2012-05-29,30,22
2012-05-30,166,28
2012-05-31,68,31
2012-06-01,123,37
2012-06-02,30,23
2012-06-03,20,26
2012-06-04,24,26
2012-06-05,26,49
2012-06-06,40,33
2012-06-07,28,39
2012-06-08,85,24
2012-06-09,22,21
2012-06-10,26,27
2012-06-11,34,33
2012-06-12,73,31
2012-06-13,48,33
2012-06-14,38,35
2012-06-15,52,37
2012-06-16,13,16
2012-06-17,6,24
2012-06-18,21,23
2012-06-19,36,39
2012-06-20,62,38
2012-06-21,68,40
2012-06-22,34,61
2012-06-23,4,45
2012-06-24,8,18
2012-06-25,18,44
2012-06-26,41,63
2012-06-27,100,54
2012-06-28,134,41
2012-06-29,92,59
2012-06-30,5,41
2012-07-01,6,43
2012-07-02,17,37
2012-07-03,18,29
2012-07-04,17,32
2012-07-05,2,39
2012-07-06,15,44
2012-07-07,0,39
2012-07-08,19,28
2012-07-09,18,33
2012-07-10,35,39
2012-07-11,29,41
2012-07-12,30,31
2012-07-13,51,36
2012-07-14,10,32
2012-07-15,17,25
2012-07-16,105,26
2012-07-17,118,44
2012-07-18,58,35
2012-07-19,127,35
2012-07-20,209,26
2012-07-21,465,29
2012-07-22,81,34
2012-07-23,167,29
2012-07-24,144,50
2012-07-25,221,28
2012-07-26,179,37
2012-07-27,97,39
2012-07-28,14,27
2012-07-29,22,24
2012-07-30,66,44
2012-07-31,120,45
2012-08-01,80,25
2012-08-02,120,21
2012-08-03,62,31
2012-08-04,39,42
2012-08-05,190,34
2012-08-06,247,97
2012-08-07,106,82
2012-08-08,168,95
2012-08-09,162,83
2012-08-10,154,61
2012-08-11,55,28
2012-08-12,20,45
2012-08-13,173,52
2012-08-14,140,55
2012-08-15,243,58
2012-08-16,186,36
2012-08-17,109,27
2012-08-18,34,23
2012-08-19,10,23
2012-08-20,112,35
2012-08-21,175,31
2012-08-22,103,36
2012-08-23,107,24
2012-08-24,210,44
2012-08-25,26,24
2012-08-26,69,29
2012-08-27,107,34
2012-08-28,93,59
2012-08-29,54,37
2012-08-30,94,34
2012-08-31,84,32
2012-09-01,7,22
2012-09-02,8,29
2012-09-03,16,25
2012-09-04,90,24
2012-09-05,122,36
2012-09-06,29,36
2012-09-07,67,30
2012-09-08,69,25
2012-09-09,6,25
2012-09-10,101,28
2012-09-11,83,33
2012-09-12,58,35
2012-09-13,136,31
2012-09-14,81,30
2012-09-15,2,27
2012-09-16,13,17
2012-09-17,71,20
2012-09-18,96,33
2012-09-19,53,30
2012-09-20,22,44
2012-09-21,33,29
2012-09-22,3,19
2012-09-23,1,25
2012-09-24,19,26
2012-09-25,18,37
2012-09-26,129,44
2012-09-27,10,39
2012-09-28,60,35
2012-09-29,5,25
2012-09-30,10,22
2012-10-01,47,38
2012-10-02,67,46
2012-10-03,84,21
2012-10-04,88,34
2012-10-05,52,22
2012-10-06,5,28
2012-10-07,1,19
2012-10-08,3,33
2012-10-09,99,37
2012-10-10,82,25
2012-10-11,28,27
2012-10-12,38,17
2012-10-13,7,23
2012-10-14,0,20
2012-10-15,43,26
2012-10-16,18,38
2012-10-17,98,40
2012-10-18,32,36
2012-10-19,32,35
2012-10-20,12,26
2012-10-21,13,17
2012-10-22,55,28
2012-10-23,76,40
2012-10-24,56,35
2012-10-25,66,39
2012-10-26,81,34
2012-10-27,17,24
2012-10-28,0,16
2012-10-29,4,30
2012-10-30,7,38
2012-10-31,37,25
2012-11-01,55,38
2012-11-02,11,41
2012-11-03,29,34
2012-11-04,12,20
2012-11-05,37,27
2012-11-06,41,27
2012-11-07,93,42
2012-11-08,104,31
2012-11-09,198,35
2012-11-10,10,24
2012-11-11,3,25
2012-11-12,3,25
2012-11-13,101,37
2012-11-14,83,24
2012-11-15,38,30
2012-11-16,78,27
2012-11-17,15,31
2012-11-18,1,22
2012-11-19,91,24
2012-11-20,70,28
2012-11-21,74,28
2012-11-22,27,16
2012-11-23,14,16
2012-11-24,13,21
2012-11-25,10,17
2012-11-26,84,24
2012-11-27,73,19
2012-11-28,93,18
2012-11-29,102,32
2012-11-30,78,32
2012-12-01,22,28
2012-12-02,5,28
2012-12-03,129,37
2012-12-04,210,40
2012-12-05,194,27
2012-12-06,190,30
2012-12-07,110,31
2012-12-08,17,25
2012-12-09,8,28
2012-12-10,158,26
2012-12-11,211,41
2012-12-12,196,30
2012-12-13,130,35
2012-12-14,161,39
2012-12-15,213,31
2012-12-16,161,33
2012-12-17,159,55
2012-12-18,160,70
2012-12-19,104,51
2012-12-20,84,59
2012-12-21,217,92
2012-12-22,108,35
2012-12-23,178,35
2012-12-24,202,36
2012-12-25,67,28
2012-12-26,33,32
2012-12-27,51,44
2012-12-28,118,37
2012-12-29,63,47
2012-12-30,39,50
2012-12-31,80,42
2013-01-01,26,50
2013-01-02,65,69
2013-01-03,135,64
2013-01-04,195,64
2013-01-05,149,66
2013-01-06,60,88
2013-01-07,187,59
2013-01-08,155,63
2013-01-09,127,52
2013-01-10,113,85
2013-01-11,126,82
2013-01-12,98,49
2013-01-13,146,43
2013-01-14,154,73
2013-01-15,178,75
2013-01-16,183,56
2013-01-17,112,49
2013-01-18,118,55
2013-01-19,86,40
2013-01-20,82,32
2013-01-21,88,31
2013-01-22,107,44
2013-01-23,95,52
2013-01-24,191,50
2013-01-25,147,62
2013-01-26,214,50
2013-01-27,53,30
2013-01-28,91,46
2013-01-29,145,67
2013-01-30,415,81
2013-01-31,151,61
2013-02-01,142,46
2013-02-02,102,36
2013-02-03,72,37
2013-02-04,131,29
2013-02-05,118,32
2013-02-06,110,42
2013-02-07,108,56
2013-02-08,100,45
2013-02-09,54,37
2013-02-10,48,24
2013-02-11,168,37
2013-02-12,286,39
2013-02-13,232,53
2013-02-14,198,49
2013-02-15,107,40
2013-02-16,69,36
2013-02-17,53,33
2013-02-18,55,18
2013-02-19,91,36
2013-02-20,232,53
2013-02-21,180,47
2013-02-22,134,35
2013-02-23,76,37
2013-02-24,112,27
2013-02-25,71,37
2013-02-26,66,36
2013-02-27,364,93
2013-02-28,96,38
2013-03-01,85,20
2013-03-02,35,25
2013-03-03,40,19
2013-03-04,62,33
2013-03-05,83,37
2013-03-06,102,47
2013-03-07,151,62
2013-03-08,122,40
2013-03-09,52,22
2013-03-10,62,24
2013-03-11,77,42
2013-03-12,148,31
2013-03-13,150,41
2013-03-14,216,60
2013-03-15,89,30
2013-03-16,51,28
2013-03-17,54,19
2013-03-18,67,45
2013-03-19,149,80
2013-03-20,120,38
2013-03-21,120,36
2013-03-22,72,60
2013-03-23,40,36
2013-03-24,88,28
2013-03-25,70,42
2013-03-26,76,70
2013-03-27,77,57
2013-03-28,170,66
2013-03-29,106,34
2013-03-30,82,29
2013-03-31,47,30
2013-04-01,90,75
2013-04-02,291,52
2013-04-03,220,79
2013-04-04,149,45
2013-04-05,100,67
2013-04-06,26,42
2013-04-07,40,19
2013-04-08,75,65
2013-04-09,111,78
2013-04-10,132,84
2013-04-11,124,64
2013-04-12,136,54
2013-04-13,83,32
2013-04-14,43,25
2013-04-15,127,78
2013-04-16,126,56
2013-04-17,289,92
2013-04-18,115,57
2013-04-19,156,27
2013-04-20,68,21
2013-04-21,42,17
2013-04-22,97,27
2013-04-23,86,25
2013-04-24,108,25
2013-04-25,249,22
2013-04-26,95,30
2013-04-27,26,31
2013-04-28,42,22
2013-04-29,73,37
2013-04-30,127,35
2013-05-01,109,27
2013-05-02,124,54
2013-05-03,91,46
2013-05-04,60,44
2013-05-05,64,14
2013-05-06,117,38
2013-05-07,109,23
2013-05-08,80,48
2013-05-09,96,29
2013-05-10,155,28
2013-05-11,57,25
2013-05-12,37,13
2013-05-13,120,30
2013-05-14,69,28
2013-05-15,72,24
2013-05-16,80,22
2013-05-17,75,29
2013-05-18,32,20
2013-05-19,40,18
2013-05-20,54,45
2013-05-21,69,23
2013-05-22,81,43
2013-05-23,104,39
2013-05-24,76,22
2013-05-25,34,26
2013-05-26,22,19
2013-05-27,29,17
2013-05-28,118,16
2013-05-29,122,17
2013-05-30,83,14
2013-05-31,88,19
2013-06-01,23,7
2013-06-02,36,9
2013-06-03,96,16
2013-06-04,78,30
2013-06-05,103,37
2013-06-06,73,39
2013-06-07,62,37
2013-06-08,101,21
2013-06-09,83,21
2013-06-10,82,25
2013-06-11,65,29
2013-06-12,261,34
2013-06-13,93,46
2013-06-14,83,33
2013-06-15,46,21
2013-06-16,31,26
2013-06-17,59,50
2013-06-18,66,36
2013-06-19,62,48
2013-06-20,46,37
2013-06-21,95,36
2013-06-22,67,22
2013-06-23,19,21
2013-06-24,46,44
2013-06-25,28,37
2013-06-26,41,45
2013-06-27,28,55
2013-06-28,33,50
2013-06-29,24,44
2013-06-30,13,23
2013-07-01,44,46
2013-07-02,36,36
2013-07-03,96,42
2013-07-04,48,22
2013-07-05,62,21
2013-07-06,95,20
2013-07-07,22,24
2013-07-08,40,64
2013-07-09,81,39
2013-07-10,82,19
2013-07-11,75,48
2013-07-12,75,29
2013-07-13,44,20
2013-07-14,115,32
2013-07-15,147,52
2013-07-16,102,44
2013-07-17,81,65
2013-07-18,85,31
2013-07-19,97,33
2013-07-20,71,29
2013-07-21,26,25
2013-07-22,70,27
2013-07-23,47,41
2013-07-24,76,60
2013-07-25,147,92
2013-07-26,58,28
2013-07-27,29,17
2013-07-28,23,33
2013-07-29,56,52
2013-07-30,57,30
2013-07-31,153,37
2013-08-01,72,27
2013-08-02,86,33
2013-08-03,22,35
2013-08-04,18,34
2013-08-05,65,53
2013-08-06,80,51
2013-08-07,93,38
2013-08-08,155,51
2013-08-09,151,39
2013-08-10,102,36
2013-08-11,49,23
2013-08-12,100,25
2013-08-13,68,44
2013-08-14,84,21
2013-08-15,73,36
2013-08-16,71,26
2013-08-17,72,25
2013-08-18,30,29
2013-08-19,175,41
2013-08-20,189,48
2013-08-21,93,34
2013-08-22,193,36
2013-08-23,76,39
2013-08-24,107,19
2013-08-25,57,23
2013-08-26,70,47
2013-08-27,89,50
2013-08-28,51,59
2013-08-29,49,47
2013-08-30,51,37
2013-08-31,71,27
2013-09-01,17,31
2013-09-02,40,34
2013-09-03,85,33
2013-09-04,59,33
2013-09-05,78,43
2013-09-06,45,47
2013-09-07,32,32
2013-09-08,28,27
2013-09-09,48,47
2013-09-10,85,57
2013-09-11,54,67
2013-09-12,39,49
2013-09-13,81,33
2013-09-14,26,22
2013-09-15,28,25
2013-09-16,170,36
2013-09-17,114,41
2013-09-18,99,44
2013-09-19,78,56
2013-09-20,59,42
2013-09-21,40,43
2013-09-22,23,31
2013-09-23,33,40
2013-09-24,44,56
2013-09-25,47,52
2013-09-26,48,48
2013-09-27,33,42
2013-09-28,22,26
2013-09-29,23,34
2013-09-30,38,53
2013-10-01,42,49
2013-10-02,43,61
2013-10-03,54,42
2013-10-04,46,60
2013-10-05,14,36
2013-10-06,16,38
2013-10-07,32,54
2013-10-08,34,49
2013-10-09,59,47
2013-10-10,41,54
2013-10-11,81,56
2013-10-12,44,43
2013-10-13,11,39
2013-10-14,26,45
2013-10-15,39,48
2013-10-16,70,49
2013-10-17,114,32
2013-10-18,44,28
2013-10-19,27,23
2013-10-20,22,19
2013-10-21,80,39
2013-10-22,43,38
2013-10-23,74,52
2013-10-24,89,50
2013-10-25,96,32
2013-10-26,18,19
2013-10-27,21,32
2013-10-28,50,39
2013-10-29,149,59
2013-10-30,43,33
2013-10-31,32,51
2013-11-01,93,48
2013-11-02,25,26
2013-11-03,16,20
2013-11-04,87,39
2013-11-05,85,49
2013-11-06,89,44
2013-11-07,39,44
2013-11-08,90,52
2013-11-09,27,39
2013-11-10,27,36
2013-11-11,56,44
2013-11-12,91,35
2013-11-13,144,50
2013-11-14,100,30
2013-11-15,106,50
2013-11-16,27,25
2013-11-17,12,29
2013-11-18,76,45
2013-11-19,128,40
2013-11-20,106,46
2013-11-21,85,38
2013-11-22,172,57
2013-11-23,21,33
2013-11-24,14,14
2013-11-25,159,24
2013-11-26,52,65
2013-11-27,38,65
2013-11-28,93,30
2013-11-29,26,30
2013-11-30,42,31
2013-12-01,10,19
2013-12-02,49,29
2013-12-03,65,32
2013-12-04,53,43
2013-12-05,66,38
2013-12-06,226,32
2013-12-07,31,25
2013-12-08,46,25
2013-12-09,83,44
2013-12-10,51,27
2013-12-11,150,45
2013-12-12,86,34
2013-12-13,116,57
2013-12-14,152,21
2013-12-15,85,21
2013-12-16,128,46
2013-12-17,105,39
2013-12-18,105,57
2013-12-19,44,43
2013-12-20,38,33
2013-12-21,31,28
2013-12-22,24,21
2013-12-23,34,38
2013-12-24,19,29
2013-12-25,11,16
2013-12-26,12,25
2013-12-27,34,24
2013-12-28,27,31
2013-12-29,28,22
2013-12-30,65,42
2013-12-31,109,42
2014-01-01,26,26
2014-01-02,40,47
2014-01-03,56,46
2014-01-04,25,28
2014-01-05,27,28
2014-01-06,46,41
2014-01-07,42,59
2014-01-08,74,50
2014-01-09,83,50
2014-01-10,55,44
2014-01-11,23,33
2014-01-12,24,27
2014-01-13,72,64
2014-01-14,148,74
2014-01-15,153,54
2014-01-16,167,84
2014-01-17,137,29
2014-01-18,52,26
2014-01-19,40,25
2014-01-20,48,53
2014-01-21,109,50
2014-01-22,73,36
2014-01-23,132,42
2014-01-24,101,54
2014-01-25,58,34
2014-01-26,49,25
2014-01-27,61,48
2014-01-28,61,70
2014-01-29,228,60
2014-01-30,209,53
2014-01-31,52,40
2014-02-01,32,30
2014-02-02,30,50
2014-02-03,52,57
2014-02-04,81,51
2014-02-05,100,28
2014-02-06,73,51
2014-02-07,141,53
2014-02-08,25,19
2014-02-09,23,26
2014-02-10,88,48
2014-02-11,70,51
2014-02-12,66,51
2014-02-13,98,35
2014-02-14,76,42
2014-02-15,50,25
2014-02-16,26,36
2014-02-17,102,37
2014-02-18,96,37
2014-02-19,87,81
2014-02-20,86,43
2014-02-21,82,55
2014-02-22,60,27
2014-02-23,102,31
2014-02-24,81,46
2014-02-25,78,46
2014-02-26,122,42
2014-02-27,118,40
2014-02-28,64,50
2014-03-01,23,34
2014-03-02,16,43
2014-03-03,34,52
2014-03-04,40,67
2014-03-05,65,54
2014-03-06,85,74
2014-03-07,66,36
2014-03-08,46,40
2014-03-09,32,31
2014-03-10,60,36
2014-03-11,124,33
2014-03-12,123,53
2014-03-13,106,57
2014-03-14,103,35
2014-03-15,17,35
2014-03-16,18,24
2014-03-17,107,39
2014-03-18,156,37
2014-03-19,61,32
2014-03-20,106,38
2014-03-21,50,36
2014-03-22,16,17
2014-03-23,14,16
2014-03-24,38,43
2014-03-25,46,41
2014-03-26,49,55
2014-03-27,37,63
2014-03-28,44,55
2014-03-29,19,24
2014-03-30,14,25
2014-03-31,37,53
2014-04-01,40,40
2014-04-02,46,120
2014-04-03,112,54
2014-04-04,50,43
2014-04-05,25,9
2014-04-06,17,11
2014-04-07,48,32
2014-04-08,34,26
2014-04-09,69,38
2014-04-10,41,40
2014-04-11,49,34
2014-04-12,44,12
2014-04-13,21,16
2014-04-14,31,38
2014-04-15,25,35
2014-04-16,77,34
2014-04-17,46,34
2014-04-18,34,40
2014-04-19,12,16
2014-04-20,15,22
2014-04-21,54,33
2014-04-22,34,37
2014-04-23,87,54
2014-04-24,72,39
2014-04-25,174,69
2014-04-26,52,52
2014-04-27,17,36
2014-04-28,128,33
2014-04-29,80,52
2014-04-30,63,30
2014-05-01,114,32
2014-05-02,87,32
2014-05-03,15,13
2014-05-04,30,26
2014-05-05,115,31
2014-05-06,137,37
2014-05-07,117,28
2014-05-08,69,22
2014-05-09,51,28
2014-05-10,21,24
2014-05-11,15,17
2014-05-12,177,35
2014-05-13,48,37
2014-05-14,51,42
2014-05-15,85,35
2014-05-16,157,39
2014-05-17,71,13
2014-05-18,17,24
2014-05-19,74,35
2014-05-20,73,38
2014-05-21,149,44
2014-05-22,73,23
2014-05-23,92,43
2014-05-24,45,32
2014-05-25,50,35
2014-05-26,36,11
2014-05-27,156,30
2014-05-28,140,46
2014-05-29,116,49
2014-05-30,98,43
2014-05-31,34,31
2014-06-01,29,29
2014-06-02,49,43
2014-06-03,62,34
2014-06-04,69,41
2014-06-05,113,36
2014-06-06,170,57
2014-06-07,19,19
2014-06-08,21,25
2014-06-09,101,44
2014-06-10,209,42
2014-06-11,95,50
2014-06-12,80,55
2014-06-13,47,33
2014-06-14,44,23
2014-06-15,27,24
2014-06-16,94,35
2014-06-17,96,68
2014-06-18,66,30
2014-06-19,95,28
2014-06-20,97,24
2014-06-21,26,20
2014-06-22,9,22
2014-06-23,66,14
2014-06-24,127,16
2014-06-25,98,29
2014-06-26,58,29
2014-06-27,75,22
2014-06-28,11,20
2014-06-29,10,12
2014-06-30,41,27
2014-07-01,28,48
2014-07-02,75,41
2014-07-03,83,23
2014-07-04,19,22
2014-07-05,7,8
2014-07-06,12,15
2014-07-07,35,28
2014-07-08,34,39
2014-07-09,37,24
2014-07-10,43,30
2014-07-11,27,12
2014-07-12,13,4
2014-07-13,24,6
2014-07-14,63,15
2014-07-15,41,15
2014-07-16,37,16
2014-07-17,41,26
2014-07-18,19,12
2014-07-19,10,10
2014-07-20,19,5
2014-07-21,47,11
2014-07-22,35,24
2014-07-23,39,19
2014-07-24,31,19
2014-07-25,26,18
2014-07-26,8,17
2014-07-27,6,27
2014-07-28,40,15
2014-07-29,63,36
2014-07-30,171,26
2014-07-31,68,42
2014-08-01,25,51
2014-08-02,14,24
2014-08-03,5,9
2014-08-04,36,48
2014-08-05,74,25
2014-08-06,94,30
2014-08-07,43,21
2014-08-08,20,20
2014-08-09,21,11
2014-08-10,1,5
2014-08-11,46,13
2014-08-12,67,21
2014-08-13,54,27
2014-08-14,36,21
2014-08-15,55,20
2014-08-16,9,8
2014-08-17,11,9
2014-08-18,28,25
2014-08-19,86,16
2014-08-20,95,35
2014-08-21,94,28
2014-08-22,34,30
2014-08-23,17,25
2014-08-24,8,12
2014-08-25,73,40
2014-08-26,53,43
2014-08-27,76,25
2014-08-28,66,19
2014-08-29,36,27
2014-08-30,19,25
2014-08-31,30,13
2014-09-01,17,13
2014-09-02,51,24
2014-09-03,63,76
2014-09-04,68,30
2014-09-05,32,21
2014-09-06,27,22
2014-09-07,6,23
2014-09-08,47,32
2014-09-09,26,50
2014-09-10,79,30
2014-09-11,42,25
2014-09-12,38,26
2014-09-13,20,19
2014-09-14,12,7
2014-09-15,93,12
2014-09-16,75,16
2014-09-17,53,20
2014-09-18,42,37
2014-09-19,56,31
2014-09-20,11,14
2014-09-21,16,12
2014-09-22,89,30
2014-09-23,83,29
2014-09-24,35,27
2014-09-25,38,22
2014-09-26,31,27
2014-09-27,22,16
2014-09-28,18,4
2014-09-29,39,19
2014-09-30,50,31
2014-10-01,48,23
2014-10-02,29,19
2014-10-03,60,20
2014-10-04,20,7
2014-10-05,10,8
2014-10-06,54,23
2014-10-07,66,20
2014-10-08,56,16
2014-10-09,73,23
2014-10-10,46,27
2014-10-11,19,11
2014-10-12,22,10
2014-10-13,37,18
2014-10-14,46,20
2014-10-15,86,19
2014-10-16,64,19
2014-10-17,96,22
2014-10-18,22,21
2014-10-19,17,11
2014-10-20,49,24
2014-10-21,46,25
2014-10-22,128,31
2014-10-23,109,27
2014-10-24,82,24
2014-10-25,48,15
2014-10-26,21,4
2014-10-27,71,31
2014-10-28,62,38
2014-10-29,67,33
2014-10-30,56,43
2014-10-31,141,25
2014-11-01,21,14
2014-11-02,8,11
2014-11-03,143,15
2014-11-04,93,28
2014-11-05,117,73
2014-11-06,86,24
2014-11-07,41,17
2014-11-08,19,15
2014-11-09,9,9
2014-11-10,45,19
2014-11-11,19,27
2014-11-12,89,17
2014-11-13,75,18
2014-11-14,42,21
2014-11-15,20,9
2014-11-16,22,9
2014-11-17,51,33
2014-11-18,72,23
2014-11-19,60,32
2014-11-20,106,45
2014-11-21,95,26
2014-11-22,20,15
2014-11-23,11,10
2014-11-24,71,20
2014-11-25,32,33
2014-11-26,26,27
2014-11-27,20,11
2014-11-28,33,10
2014-11-29,14,5
2014-11-30,15,4
2014-12-01,42,17
2014-12-02,53,12
2014-12-03,53,17
2014-12-04,43,14
2014-12-05,60,8
2014-12-06,27,4
2014-12-07,10,6
2014-12-08,53,24
2014-12-09,81,16
2014-12-10,48,16
2014-12-11,57,26
2014-12-12,110,16
2014-12-13,55,7
2014-12-14,84,8
2014-12-15,131,17
2014-12-16,91,13
2014-12-17,145,25
2014-12-18,96,24
2014-12-19,57,20
2014-12-20,26,13
2014-12-21,27,6
2014-12-22,140,19
2014-12-23,108,11
2014-12-24,29,11
2014-12-25,8,10
2014-12-26,14,4
2014-12-27,10,18
2014-12-28,29,8
2014-12-29,62,11
2014-12-30,74,19
2014-12-31,40,14
2015-01-01,29,5
2015-01-02,26,13
2015-01-03,15,13
2015-01-04,15,6
2015-01-05,56,19
2015-01-06,47,23
2015-01-07,53,62
2015-01-08,96,21
2015-01-09,127,19
2015-01-10,32,9
2015-01-11,22,10
2015-01-12,62,22
2015-01-13,60,18
2015-01-14,70,23
2015-01-15,72,20
2015-01-16,57,18
2015-01-17,21,15
2015-01-18,14,17
2015-01-19,48,10
2015-01-20,71,20
2015-01-21,70,28
2015-01-22,68,23
2015-01-23,42,20
2015-01-24,15,25
2015-01-25,28,4
2015-01-26,79,17
2015-01-27,36,17
2015-01-28,46,16
2015-01-29,93,35
2015-01-30,40,20
2015-01-31,15,10
2015-02-01,32,11
2015-02-02,39,18
2015-02-03,48,19
2015-02-04,66,34
2015-02-05,56,17
2015-02-06,51,23
2015-02-07,33,14
2015-02-08,27,14
2015-02-09,54,33
2015-02-10,49,27
2015-02-11,56,39
2015-02-12,136,56
2015-02-13,39,28
2015-02-14,24,19
2015-02-15,9,17
2015-02-16,11,31
2015-02-17,77,18
2015-02-18,59,33
2015-02-19,70,41
2015-02-20,55,23
2015-02-21,19,24
2015-02-22,9,15
2015-02-23,62,26
2015-02-24,58,32
2015-02-25,54,35
2015-02-26,72,40
2015-02-27,91,51
2015-02-28,37,14
2015-03-01,20,10
2015-03-02,46,23
2015-03-03,79,27
2015-03-04,70,37
2015-03-05,82,43
2015-03-06,64,37
2015-03-07,27,38
2015-03-08,15,10
2015-03-09,98,25
2015-03-10,48,38
2015-03-11,56,34
2015-03-12,66,31
2015-03-13,70,28
2015-03-14,13,15
2015-03-15,15,6
2015-03-16,34,21
2015-03-17,96,41
2015-03-18,85,27
2015-03-19,128,23
2015-03-20,124,33
2015-03-21,18,14
2015-03-22,17,6
2015-03-23,50,18
2015-03-24,61,40
2015-03-25,73,26
2015-03-26,102,32
2015-03-27,73,26
2015-03-28,37,14
2015-03-29,24,8
2015-03-30,65,17
2015-03-31,78,18
2015-04-01,83,14
2015-04-02,107,33
2015-04-03,52,24
2015-04-04,33,25
2015-04-05,7,4
2015-04-06,39,25
2015-04-07,43,37
2015-04-08,84,23
2015-04-09,73,18
2015-04-10,127,81
2015-04-11,51,63
2015-04-12,28,19
2015-04-13,40,17
2015-04-14,65,19
2015-04-15,49,29
2015-04-16,49,17
2015-04-17,44,10
2015-04-18,19,3
2015-04-19,19,3
2015-04-20,40,21
2015-04-21,38,30
2015-04-22,49,29
2015-04-23,66,26
2015-04-24,68,23
2015-04-25,24,16
2015-04-26,15,7
2015-04-27,131,28
2015-04-28,48,39
2015-04-29,44,30
2015-04-30,45,33
2015-05-01,77,31
2015-05-02,10,9
2015-05-03,20,14
2015-05-04,92,21
2015-05-05,42,21
2015-05-06,66,28
2015-05-07,57,25
2015-05-08,62,24
2015-05-09,50,16
2015-05-10,28,11
2015-05-11,65,25
2015-05-12,64,25
2015-05-13,32,28
2015-05-14,44,29
2015-05-15,46,27
2015-05-16,22,14
2015-05-17,24,9
2015-05-18,72,28
2015-05-19,52,29
2015-05-20,65,24
2015-05-21,58,25
2015-05-22,38,26
2015-05-23,16,10
2015-05-24,9,7
2015-05-25,19,6
2015-05-26,33,23
2015-05-27,40,25
2015-05-28,81,42
2015-05-29,52,40
2015-05-30,32,15
2015-05-31,23,14
2015-06-01,120,34
2015-06-02,248,31
2015-06-03,94,24
2015-06-04,116,28
2015-06-05,27,43
2015-06-06,46,13
2015-06-07,10,17
2015-06-08,93,28
2015-06-09,75,44
2015-06-10,72,37
2015-06-11,99,39
2015-06-12,31,28
2015-06-13,37,17
2015-06-14,21,14
2015-06-15,115,25
2015-06-16,65,60
2015-06-17,56,34
2015-06-18,150,81
2015-06-19,78,54
2015-06-20,67,10
2015-06-21,107,9
2015-06-22,127,27
2015-06-23,179,30
2015-06-24,85,80
2015-06-25,60,27
2015-06-26,56,50
2015-06-27,31,14
2015-06-28,9,13
2015-06-29,40,31
2015-06-30,73,42
2015-07-01,51,38
2015-07-02,74,31
2015-07-03,25,22
2015-07-04,23,27
2015-07-05,20,4
2015-07-06,45,30
2015-07-07,44,37
2015-07-08,83,23
2015-07-09,45,28
2015-07-10,67,31
2015-07-11,11,12
2015-07-12,26,8
2015-07-13,55,26
2015-07-14,66,46
2015-07-15,36,28
2015-07-16,68,51
2015-07-17,59,56
2015-07-18,68,31
2015-07-19,27,6
2015-07-20,65,23
2015-07-21,53,41
2015-07-22,67,35
2015-07-23,55,28
2015-07-24,124,122
2015-07-25,32,22
2015-07-26,30,5
2015-07-27,123,49
2015-07-28,66,68
2015-07-29,128,50
2015-07-30,41,70
2015-07-31,46,54
2015-08-01,38,6
2015-08-02,32,1
2015-08-03,103,93
2015-08-04,133,45
2015-08-05,80,26
2015-08-06,81,30
2015-08-07,51,97
2015-08-08,43,6
2015-08-09,54,6
2015-08-10,40,45
2015-08-11,51,59
2015-08-12,58,45
2015-08-13,102,55
2015-08-14,52,40
2015-08-15,28,11
2015-08-16,19,8
2015-08-17,43,53
2015-08-18,64,40
2015-08-19,70,37
2015-08-20,78,47
2015-08-21,52,48
2015-08-22,19,9
2015-08-23,19,10
2015-08-24,46,66
2015-08-25,56,41
2015-08-26,96,24
2015-08-27,64,92
2015-08-28,50,48
2015-08-29,54,12
2015-08-30,31,4
2015-08-31,54,23
2015-09-01,60,74
2015-09-02,59,79
2015-09-03,62,34
2015-09-04,117,47
2015-09-05,17,16
2015-09-06,13,12
2015-09-07,46,17
2015-09-08,71,31
2015-09-09,44,128
2015-09-10,109,58
2015-09-11,56,52
2015-09-12,39,19
2015-09-13,23,10
2015-09-14,52,56
2015-09-15,63,46
2015-09-16,61,35
2015-09-17,75,63
2015-09-18,49,40
2015-09-19,21,11
2015-09-20,22,9
2015-09-21,53,55
2015-09-22,49,55
2015-09-23,40,50
2015-09-24,73,62
2015-09-25,44,42
2015-09-26,24,9
2015-09-27,27,4
2015-09-28,65,27
2015-09-29,84,53
2015-09-30,123,47
2015-10-01,157,46
2015-10-02,149,35
2015-10-03,60,15
2015-10-04,58,9
2015-10-05,135,31
2015-10-06,120,83
2015-10-07,88,57
2015-10-08,99,61
2015-10-09,95,35
2015-10-10,45,24
2015-10-11,49,6
2015-10-12,60,66
2015-10-13,81,43
2015-10-14,154,61
2015-10-15,66,53
2015-10-16,49,57
2015-10-17,26,20
2015-10-18,24,15
2015-10-19,67,56
2015-10-20,83,43
2015-10-21,82,74
2015-10-22,56,47
2015-10-23,82,66
2015-10-24,29,14
2015-10-25,34,6
2015-10-26,116,38
2015-10-27,108,56
2015-10-28,136,69
2015-10-29,95,47
2015-10-30,66,58
2015-10-31,42,24
2015-11-01,39,26
2015-11-02,113,50
2015-11-03,83,51
2015-11-04,82,53
2015-11-05,73,53
2015-11-06,58,39
2015-11-07,32,5
2015-11-08,15,1
2015-11-09,68,38
2015-11-10,125,42
2015-11-11,39,38
2015-11-12,60,42
2015-11-13,75,35
2015-11-14,18,22
2015-11-15,38,10
2015-11-16,37,33
2015-11-17,71,26
2015-11-18,95,36
2015-11-19,172,41
2015-11-20,109,44
2015-11-21,27,8
2015-11-22,30,10
2015-11-23,67,53
2015-11-24,66,60
2015-11-25,42,32
2015-11-26,13,18
2015-11-27,38,14
2015-11-28,72,12
2015-11-29,36,9
2015-11-30,84,58
2015-12-01,91,39
2015-12-02,120,30
2015-12-03,246,62
2015-12-04,65,40
2015-12-05,59,23
2015-12-06,48,19
2015-12-07,109,51
2015-12-08,88,43
2015-12-09,57,39
2015-12-10,92,36
2015-12-11,76,42
2015-12-12,96,8
2015-12-13,80,5
2015-12-14,65,31
2015-12-15,68,36
2015-12-16,56,56
2015-12-17,71,35
2015-12-18,51,27
2015-12-19,25,12
2015-12-20,36,19
2015-12-21,42,29
2015-12-22,54,32
2015-12-23,49,27
2015-12-24,52,21
2015-12-25,16,5
2015-12-26,28,7
2015-12-27,24,4
2015-12-28,31,40
2015-12-29,30,36
2015-12-30,29,30
2015-12-31,32,35
2016-01-01,19,19
2016-01-02,26,13
2016-01-03,62,13
2016-01-04,98,47
2016-01-05,181,93
2016-01-06,218,36
2016-01-07,122,33
2016-01-08,182,50
2016-01-09,54,12
2016-01-10,39,11
2016-01-11,37,29
2016-01-12,156,33
2016-01-13,131,41
2016-01-14,92,42
2016-01-15,101,46
2016-01-16,49,12
2016-01-17,34,12
2016-01-18,64,29
2016-01-19,72,28
2016-01-20,85,41
2016-01-21,79,33
2016-01-22,50,24
2016-01-23,30,10
2016-01-24,20,6
2016-01-25,63,19
2016-01-26,91,31
2016-01-27,106,27
2016-01-28,66,31
2016-01-29,80,26
2016-01-30,50,9
2016-01-31,31,4
2016-02-01,65,40
2016-02-02,53,29
2016-02-03,61,24
2016-02-04,61,26
2016-02-05,58,28
2016-02-06,21,18
2016-02-07,18,10
2016-02-08,111,35
2016-02-09,89,47
2016-02-10,75,47
2016-02-11,81,47
2016-02-12,64,38
2016-02-13,37,31
2016-02-14,32,21
2016-02-15,53,27
2016-02-16,75,45
2016-02-17,61,49
2016-02-18,95,39
2016-02-19,61,43
2016-02-20,25,30
2016-02-21,59,35
2016-02-22,94,61
2016-02-23,73,56
2016-02-24,59,52
2016-02-25,56,60
2016-02-26,109,60
2016-02-27,28,27
2016-02-28,25,29
2016-02-29,57,45
2016-03-01,59,38
2016-03-02,44,31
2016-03-03,62,74
2016-03-04,64,47
2016-03-05,18,30
2016-03-06,36,11
2016-03-07,115,66
2016-03-08,58,46
2016-03-09,76,42
2016-03-10,65,48
2016-03-11,64,54
2016-03-12,23,36
2016-03-13,32,27
2016-03-14,67,39
2016-03-15,80,42
2016-03-16,84,45
2016-03-17,89,46
2016-03-18,64,57
2016-03-19,27,18
2016-03-20,20,19
2016-03-21,60,43
2016-03-22,51,38
2016-03-23,70,40
2016-03-24,84,69
2016-03-25,56,61
2016-03-26,15,26
2016-03-27,16,21
2016-03-28,81,43
2016-03-29,74,57
2016-03-30,75,48
2016-03-31,61,52
2016-04-01,70,53
2016-04-02,27,33
2016-04-03,24,23
2016-04-04,68,43
2016-04-05,67,26
2016-04-06,94,34
2016-04-07,40,40
2016-04-08,61,39
2016-04-09,73,21
2016-04-10,25,28
2016-04-11,81,51
2016-04-12,81,65
2016-04-13,142,50
2016-04-14,108,54
2016-04-15,80,63
2016-04-16,32,30
2016-04-17,25,27
2016-04-18,75,57
2016-04-19,71,56
2016-04-20,82,58
2016-04-21,74,51
2016-04-22,97,53
2016-04-23,33,33
2016-04-24,31,35
2016-04-25,61,61
2016-04-26,80,51
2016-04-27,82,74
2016-04-28,110,56
2016-04-29,65,62
2016-04-30,29,41
2016-05-01,22,23
2016-05-02,52,51
2016-05-03,75,57
2016-05-04,68,56
2016-05-05,84,38
2016-05-06,69,58
2016-05-07,75,17
2016-05-08,26,7
2016-05-09,48,59
2016-05-10,85,148
2016-05-11,127,85
2016-05-12,81,209
2016-05-13,65,65
2016-05-14,29,31
2016-05-15,38,23
2016-05-16,99,77
2016-05-17,67,57
2016-05-18,70,82
2016-05-19,117,66
2016-05-20,200,121
2016-05-21,59,68
2016-05-22,40,32
2016-05-23,227,53
2016-05-24,58,61
2016-05-25,66,63
2016-05-26,79,81
2016-05-27,49,110
2016-05-28,21,41
2016-05-29,36,22
2016-05-30,28,57
2016-05-31,70,67
2016-06-01,161,76
2016-06-02,437,75
2016-06-03,132,61
2016-06-04,42,31
2016-06-05,54,25
2016-06-06,78,43
2016-06-07,104,70
2016-06-08,67,48
2016-06-09,66,78
2016-06-10,67,57
2016-06-11,55,23
2016-06-12,234,36
2016-06-13,189,61
2016-06-14,157,52
2016-06-15,333,94
2016-06-16,270,70
2016-06-17,129,60
2016-06-18,112,39
2016-06-19,153,47
2016-06-20,184,66
2016-06-21,97,73
2016-06-22,331,53
2016-06-23,218,65
2016-06-24,111,74
2016-06-25,51,21
2016-06-26,81,11
2016-06-27,92,61
2016-06-28,106,37
2016-06-29,237,55
2016-06-30,98,57
2016-07-01,101,68
2016-07-02,67,21
2016-07-03,42,28
2016-07-04,50,69
2016-07-05,77,50
2016-07-06,142,50
2016-07-07,172,62
2016-07-08,146,51
2016-07-09,48,21
2016-07-10,43,29
2016-07-11,168,75
2016-07-12,107,92
2016-07-13,94,66
2016-07-14,103,69
2016-07-15,89,87
2016-07-16,14,47
2016-07-17,35,69
2016-07-18,160,60
2016-07-19,87,67
2016-07-20,76,69
2016-07-21,83,85
2016-07-22,99,61
2016-07-23,61,65
2016-07-24,40,37
2016-07-25,78,68
2016-07-26,96,65
2016-07-27,117,77
2016-07-28,178,164
2016-07-29,158,90
2016-07-30,62,34
2016-07-31,45,14
2016-08-01,76,58
2016-08-02,74,77
2016-08-03,82,82
2016-08-04,69,65
2016-08-05,62,63
2016-08-06,63,55
2016-08-07,38,24
2016-08-08,43,68
2016-08-09,88,70
2016-08-10,77,72
2016-08-11,67,68
2016-08-12,104,47
2016-08-13,73,53
2016-08-14,23,30
2016-08-15,56,56
2016-08-16,37,52
2016-08-17,48,59
2016-08-18,58,46
2016-08-19,55,60
2016-08-20,38,28
2016-08-21,21,31
2016-08-22,55,61
2016-08-23,102,59
2016-08-24,90,65
2016-08-25,68,66
2016-08-26,55,61
2016-08-27,56,31
2016-08-28,15,26
2016-08-29,73,50
2016-08-30,45,69
2016-08-31,68,64
2016-09-01,56,55
2016-09-02,48,56
2016-09-03,37,42
2016-09-04,16,29
2016-09-05,28,38
2016-09-06,77,67
2016-09-07,135,63
2016-09-08,56,68
2016-09-09,57,50
2016-09-10,53,55
2016-09-11,15,40
2016-09-12,43,54
2016-09-13,65,72
2016-09-14,167,112
2016-09-15,168,88
2016-09-16,56,88
2016-09-17,70,71
2016-09-18,30,41
2016-09-19,72,68
2016-09-20,60,70
2016-09-21,69,77
2016-09-22,66,80
2016-09-23,77,79
2016-09-24,58,109
2016-09-25,54,69
2016-09-26,92,66
2016-09-27,148,87
2016-09-28,76,65
2016-09-29,145,70
2016-09-30,51,59
2016-10-01,22,42
2016-10-02,20,48
2016-10-03,65,100
2016-10-04,130,77
2016-10-05,106,115
2016-10-06,66,112
2016-10-07,61,79
2016-10-08,43,46
2016-10-09,36,26
2016-10-10,71,91
2016-10-11,67,91
2016-10-12,80,70
2016-10-13,65,67
2016-10-14,72,79
2016-10-15,30,22
2016-10-16,40,21
2016-10-17,81,48
2016-10-18,76,54
2016-10-19,69,62
2016-10-20,150,74
2016-10-21,60,54
2016-10-22,45,42
2016-10-23,33,28
2016-10-24,67,72
2016-10-25,66,125
2016-10-26,80,61
2016-10-27,65,60
2016-10-28,66,67
2016-10-29,53,56
2016-10-30,21,41
2016-10-31,68,61
2016-11-01,73,74
2016-11-02,87,67
2016-11-03,77,65
2016-11-04,70,67
2016-11-05,66,52
2016-11-06,59,47
2016-11-07,79,79
2016-11-08,144,85
2016-11-09,60,97
2016-11-10,37,81
2016-11-11,21,68
2016-11-12,12,43
2016-11-13,18,67
2016-11-14,68,74
2016-11-15,56,60
2016-11-16,52,60
2016-11-17,46,70
2016-11-18,44,77
2016-11-19,29,46
2016-11-20,23,45
2016-11-21,43,77
2016-11-22,57,66
2016-11-23,51,72
2016-11-24,28,62
2016-11-25,25,37
2016-11-26,24,43
2016-11-27,31,35
2016-11-28,111,66
2016-11-29,88,64
2016-11-30,75,52
2016-12-01,73,53
2016-12-02,78,61
2016-12-03,17,56
2016-12-04,22,50
2016-12-05,53,56
2016-12-06,61,53
2016-12-07,78,46
2016-12-08,63,48
2016-12-09,47,66
2016-12-10,31,53
2016-12-11,45,30
2016-12-12,69,59
2016-12-13,69,79
2016-12-14,232,64
2016-12-15,86,58
2016-12-16,80,70
2016-12-17,26,62
2016-12-18,29,64
2016-12-19,48,65
2016-12-20,56,81
2016-12-21,46,50
2016-12-22,37,44
2016-12-23,46,47
2016-12-24,23,35
2016-12-25,12,17
2016-12-26,25,27
2016-12-27,37,38
2016-12-28,47,42
2016-12-29,30,48
2016-12-30,29,61
2016-12-31,25,26
2017-01-01,17,31
2017-01-02,32,31
2017-01-03,51,63
2017-01-04,90,55
2017-01-05,72,70
2017-01-06,93,37
2017-01-07,63,42
2017-01-08,41,26
2017-01-09,67,50
2017-01-10,74,55
2017-01-11,50,57
2017-01-12,57,42
2017-01-13,58,98
2017-01-14,29,45
2017-01-15,31,37
2017-01-16,66,59
2017-01-17,63,69
2017-01-18,81,48
2017-01-19,62,46
2017-01-20,60,38
2017-01-21,163,26
2017-01-22,51,34
2017-01-23,66,54
2017-01-24,55,67
2017-01-25,72,62
2017-01-26,78,93
2017-01-27,41,78
2017-01-28,30,69
2017-01-29,20,45
2017-01-30,59,81
2017-01-31,64,59
2017-02-01,65,70
2017-02-02,66,74
2017-02-03,71,63
2017-02-04,31,35
2017-02-05,30,31
2017-02-06,40,51
2017-02-07,72,67
2017-02-08,57,69
2017-02-09,57,82
2017-02-10,39,56
2017-02-11,31,31
2017-02-12,45,36
2017-02-13,58,52
2017-02-14,82,65
2017-02-15,84,60
2017-02-16,63,63
2017-02-17,69,53
2017-02-18,25,43
2017-02-19,22,55
2017-02-20,51,49
2017-02-21,75,59
2017-02-22,88,66
2017-02-23,94,59
2017-02-24,72,69
2017-02-25,27,60
2017-02-26,33,44
2017-02-27,61,66
2017-02-28,75,63
2017-03-01,98,69
2017-03-02,75,64
2017-03-03,70,53
2017-03-04,36,20
2017-03-05,31,22
2017-03-06,62,68
2017-03-07,66,71
2017-03-08,115,73
2017-03-09,47,62
2017-03-10,70,53
2017-03-11,28,41
2017-03-12,25,39
2017-03-13,41,55
2017-03-14,74,51
2017-03-15,54,45
2017-03-16,106,59
2017-03-17,68,47
2017-03-18,28,27
2017-03-19,69,27
2017-03-20,40,59
2017-03-21,68,58
2017-03-22,59,66
2017-03-23,78,71
2017-03-24,77,54
2017-03-25,38,38
2017-03-26,33,42
2017-03-27,58,40
2017-03-28,52,47
2017-03-29,50,45
2017-03-30,58,48
2017-03-31,76,43
2017-04-01,27,28
2017-04-02,24,30
2017-04-03,74,59
2017-04-04,77,60
2017-04-05,98,76
2017-04-06,65,76
2017-04-07,77,83
2017-04-08,45,73
2017-04-09,32,56
2017-04-10,124,56
2017-04-11,67,64
2017-04-12,68,55
2017-04-13,49,60
2017-04-14,44,58
2017-04-15,28,40
2017-04-16,38,45
2017-04-17,68,50
2017-04-18,52,66
2017-04-19,64,57
2017-04-20,66,58
2017-04-21,55,54
2017-04-22,48,31
2017-04-23,24,28
2017-04-24,65,45
2017-04-25,50,55
2017-04-26,58,60
2017-04-27,72,40
2017-04-28,221,104
2017-04-29,60,52
2017-04-30,30,35
2017-05-01,66,44
2017-05-02,40,54
2017-05-03,82,77
2017-05-04,64,62
2017-05-05,47,59
2017-05-06,32,53
2017-05-07,31,45
2017-05-08,45,37
2017-05-09,70,45
2017-05-10,61,39
2017-05-11,60,46
2017-05-12,63,33
2017-05-13,23,17
2017-05-14,20,23
2017-05-15,66,37
2017-05-16,63,39
2017-05-17,62,34
2017-05-18,59,39
2017-05-19,54,42
2017-05-20,30,48
2017-05-21,22,28
2017-05-22,62,42
2017-05-23,75,60
2017-05-24,61,57
2017-05-25,65,44
2017-05-26,66,57
2017-05-27,29,49
2017-05-28,50,43
2017-05-29,27,42
2017-05-30,66,51
2017-05-31,87,63
2017-06-01,120,61
2017-06-02,720,48
2017-06-03,310,17
2017-06-04,44,20
2017-06-05,94,42
2017-06-06,85,93
2017-06-07,79,50
2017-06-08,63,46
2017-06-09,36,50
2017-06-10,34,25
2017-06-11,47,18
2017-06-12,145,59
2017-06-13,112,67
2017-06-14,214,62
2017-06-15,81,60
2017-06-16,65,57
2017-06-17,49,28
2017-06-18,112,26
2017-06-19,165,45
2017-06-20,80,54
2017-06-21,103,64
2017-06-22,75,82
2017-06-23,49,79
2017-06-24,34,33
2017-06-25,46,31
2017-06-26,59,70
2017-06-27,65,73
2017-06-28,72,57
2017-06-29,76,61
2017-06-30,84,95
2017-07-01,45,31
2017-07-02,25,45
2017-07-03,35,69
2017-07-04,38,43
2017-07-05,56,52
2017-07-06,61,45
2017-07-07,41,42
2017-07-08,20,36
2017-07-09,24,26
2017-07-10,51,48
2017-07-11,50,71
2017-07-12,55,65
2017-07-13,57,62
2017-07-14,151,95
2017-07-15,39,35
2017-07-16,26,29
2017-07-17,58,63
2017-07-18,51,97
2017-07-19,57,65
2017-07-20,83,54
2017-07-21,40,61
2017-07-22,24,39
2017-07-23,25,47
2017-07-24,35,88
2017-07-25,48,113
2017-07-26,57,73
2017-07-27,42,70
2017-07-28,55,51
2017-07-29,13,15
2017-07-30,17,19
2017-07-31,51,39
2017-08-01,71,39
2017-08-02,101,63
2017-08-03,95,44
2017-08-04,117,35
2017-08-05,57,26
2017-08-06,53,20
2017-08-07,56,36
2017-08-08,40,42
2017-08-09,55,51
2017-08-10,51,52
2017-08-11,40,43
2017-08-12,69,22
2017-08-13,30,28
2017-08-14,73,51
2017-08-15,59,38
2017-08-16,36,39
2017-08-17,62,41
2017-08-18,60,47
2017-08-19,40,20
2017-08-20,27,17
2017-08-21,32,47
2017-08-22,43,40
2017-08-23,48,60
2017-08-24,54,47
2017-08-25,46,39
2017-08-26,38,25
2017-08-27,26,19
2017-08-28,51,50
2017-08-29,49,37
2017-08-30,49,38
2017-08-31,56,39
2017-09-01,53,47
2017-09-02,19,37
2017-09-03,17,15
2017-09-04,35,26
2017-09-05,58,43
2017-09-06,55,46
2017-09-07,48,33
2017-09-08,43,44
2017-09-09,25,30
2017-09-10,42,18
2017-09-11,67,45
2017-09-12,99,35
2017-09-13,137,36
2017-09-14,81,43
2017-09-15,63,81
2017-09-16,59,31
2017-09-17,31,24
2017-09-18,118,42
2017-09-19,61,52
2017-09-20,75,60
2017-09-21,52,66
2017-09-22,64,29
2017-09-23,42,25
2017-09-24,25,21
2017-09-25,55,37
2017-09-26,45,47
2017-09-27,48,48
2017-09-28,42,65
2017-09-29,79,37
2017-09-30,30,56
2017-10-01,29,22
2017-10-02,240,44
2017-10-03,199,57
2017-10-04,168,72
2017-10-05,217,75
2017-10-06,125,60
2017-10-07,68,61
2017-10-08,84,59
2017-10-09,83,52
2017-10-10,88,55
2017-10-11,78,70
2017-10-12,100,60
2017-10-13,52,56
2017-10-14,41,37
2017-10-15,32,32
2017-10-16,54,54
2017-10-17,101,68
2017-10-18,104,55
2017-10-19,102,50
2017-10-20,69,51
2017-10-21,50,36
2017-10-22,35,40
2017-10-23,71,81
2017-10-24,55,74
2017-10-25,115,47
2017-10-26,50,55
2017-10-27,52,50
2017-10-28,42,48
2017-10-29,20,31
2017-10-30,48,63
2017-10-31,95,46
2017-11-01,75,58
2017-11-02,111,49
2017-11-03,71,56
2017-11-04,31,28
2017-11-05,55,28
2017-11-06,177,61
2017-11-07,121,73
2017-11-08,210,59
2017-11-09,81,45
2017-11-10,67,78
2017-11-11,29,39
2017-11-12,50,30
2017-11-13,72,62
2017-11-14,80,63
2017-11-15,84,50
2017-11-16,78,51
2017-11-17,40,67
2017-11-18,35,65
2017-11-19,38,44
2017-11-20,46,42
2017-11-21,61,44
2017-11-22,38,48
2017-11-23,37,35
2017-11-24,33,40
2017-11-25,21,62
2017-11-26,11,22
2017-11-27,44,49
2017-11-28,71,57
2017-11-29,97,62
2017-11-30,49,69
2017-12-01,53,49
2017-12-02,31,52
2017-12-03,25,43
2017-12-04,99,49
2017-12-05,139,79
2017-12-06,156,88
2017-12-07,129,71
2017-12-08,43,43
2017-12-09,22,39
2017-12-10,25,56
2017-12-11,41,44
2017-12-12,46,44
2017-12-13,90,41
2017-12-14,109,44
2017-12-15,80,51
2017-12-16,29,41
2017-12-17,32,25
2017-12-18,57,46
2017-12-19,58,60
2017-12-20,38,40
2017-12-21,32,34
2017-12-22,46,29
2017-12-23,24,27
2017-12-24,32,23
2017-12-25,11,33
2017-12-26,27,66
2017-12-27,47,58
2017-12-28,39,45
2017-12-29,36,43
2017-12-30,23,46
2017-12-31,31,44
2018-01-01,20,34
2018-01-02,40,61
2018-01-03,35,35
2018-01-04,35,42
2018-01-05,38,55
2018-01-06,22,23
2018-01-07,12,35
2018-01-08,51,38
2018-01-09,53,43
2018-01-10,38,60
2018-01-11,47,43
2018-01-12,34,39
2018-01-13,27,20
2018-01-14,39,18
2018-01-15,72,32
2018-01-16,61,48
2018-01-17,74,33
2018-01-18,58,43
2018-01-19,68,69
2018-01-20,123,46
2018-01-21,59,25
2018-01-22,58,34
2018-01-23,100,31
2018-01-24,81,34
2018-01-25,99,34
2018-01-26,60,35
2018-01-27,58,12
2018-01-28,51,36
2018-01-29,75,40
2018-01-30,71,55
2018-01-31,97,35
2018-02-01,92,36
2018-02-02,54,32
2018-02-03,29,44
2018-02-04,21,24
2018-02-05,63,52
2018-02-06,47,34
2018-02-07,57,32
2018-02-08,48,22
2018-02-09,53,31
2018-02-10,31,42
2018-02-11,26,23
2018-02-12,57,42
2018-02-13,110,34
2018-02-14,155,41
2018-02-15,288,38
2018-02-16,183,78
2018-02-17,140,65
2018-02-18,165,59
2018-02-19,137,65
2018-02-20,131,52
2018-02-21,206,65
2018-02-22,378,81
2018-02-23,199,61
2018-02-24,160,52
2018-02-25,149,54
2018-02-26,144,55
2018-02-27,193,49
2018-02-28,182,42
2018-03-01,220,79
2018-03-02,164,52
2018-03-03,161,20
2018-03-04,71,45
2018-03-05,158,61
2018-03-06,118,73
2018-03-07,205,58
2018-03-08,154,77
2018-03-09,105,52
2018-03-10,94,38
2018-03-11,79,32
2018-03-12,85,75
2018-03-13,108,67
2018-03-14,368,72
2018-03-15,96,45
2018-03-16,116,53
2018-03-17,79,27
2018-03-18,64,35
2018-03-19,1495,35
2018-03-20,1208,33
2018-03-21,1352,30
2018-03-22,999,65
2018-03-23,5905,145
2018-03-24,12586,53
2018-03-25,125,36
2018-03-26,112,39
2018-03-27,102,46
2018-03-28,87,42
2018-03-29,90,50
2018-03-30,56,49
2018-03-31,68,51
2018-04-01,43,21
2018-04-02,59,41
2018-04-03,99,60
2018-04-04,134,47
2018-04-05,110,46
2018-04-06,238,51
2018-04-07,88,24
2018-04-08,47,39
2018-04-09,64,35
2018-04-10,108,54
2018-04-11,73,54
2018-04-12,82,60
2018-04-13,56,45
2018-04-14,53,43
2018-04-15,49,39
2018-04-16,92,107
2018-04-17,75,70
2018-04-18,84,81
2018-04-19,95,45
2018-04-20,200,66
2018-04-21,53,27
2018-04-22,71,44
2018-04-23,105,57
2018-04-24,77,78
2018-04-25,84,66
2018-04-26,73,91
2018-04-27,58,61
2018-04-28,37,36
2018-04-29,36,30
2018-04-30,79,140
2018-05-01,87,89
2018-05-02,121,68
2018-05-03,116,60
2018-05-04,464,75
2018-05-05,160,36
2018-05-06,62,63
2018-05-07,75,60
2018-05-08,69,36
2018-05-09,117,67
2018-05-10,65,49
2018-05-11,69,38
2018-05-12,46,49
2018-05-13,69,117
2018-05-14,60,66
2018-05-15,71,46
2018-05-16,81,65
2018-05-17,76,63
2018-05-18,185,67
2018-05-19,142,47
2018-05-20,105,70
2018-05-21,107,76
2018-05-22,76,58
2018-05-23,115,154
2018-05-24,96,71
2018-05-25,120,80
2018-05-26,55,61
2018-05-27,27,59
2018-05-28,21,44
2018-05-29,70,46
2018-05-30,80,40
2018-05-31,104,41
2018-06-01,365,59
2018-06-02,308,87
2018-06-03,118,96
2018-06-04,87,56
2018-06-05,84,47
2018-06-06,61,93
2018-06-07,79,64
2018-06-08,72,51
2018-06-09,50,65
2018-06-10,57,43
2018-06-11,106,55
2018-06-12,124,36
2018-06-13,107,44
2018-06-14,74,67
2018-06-15,86,74
2018-06-16,69,47
2018-06-17,71,47
2018-06-18,81,59
2018-06-19,105,64
2018-06-20,79,72
2018-06-21,77,80
2018-06-22,71,50
2018-06-23,42,35
2018-06-24,44,75
2018-06-25,58,62
2018-06-26,41,59
2018-06-27,66,88
2018-06-28,107,95
2018-06-29,78,97
2018-06-30,27,50
2018-07-01,27,80
2018-07-02,55,52
2018-07-03,70,43
2018-07-04,48,68
2018-07-05,53,118
2018-07-06,30,67
2018-07-07,49,115
2018-07-08,23,154
2018-07-09,58,101
2018-07-10,80,68
2018-07-11,53,61
2018-07-12,55,48
2018-07-13,62,87
2018-07-14,37,80
2018-07-15,38,59
2018-07-16,115,107
2018-07-17,110,45
2018-07-18,68,73
2018-07-19,77,114
2018-07-20,79,66
2018-07-21,24,207
2018-07-22,36,153
2018-07-23,53,144
2018-07-24,58,139
2018-07-25,105,170
2018-07-26,118,154
2018-07-27,75,84
2018-07-28,38,94
2018-07-29,63,146
2018-07-30,77,160
2018-07-31,133,74
2018-08-01,76,181
2018-08-02,72,129
2018-08-03,91,150
2018-08-04,64,107
2018-08-05,21,138
2018-08-06,56,142
2018-08-07,59,115
2018-08-08,57,138
2018-08-09,73,221
2018-08-10,102,230
2018-08-11,105,129
2018-08-12,37,95
2018-08-13,61,165
2018-08-14,51,116
2018-08-15,45,121
2018-08-16,60,84
2018-08-17,51,98
2018-08-18,28,161
2018-08-19,35,232
2018-08-20,49,99
2018-08-21,63,72
2018-08-22,82,62
2018-08-23,84,87
2018-08-24,94,70
2018-08-25,31,100
2018-08-26,53,143
2018-08-27,82,116
2018-08-28,95,106
2018-08-29,85,153
2018-08-30,67,116
2018-08-31,69,169
2018-09-01,39,104
2018-09-02,42,95
2018-09-03,42,77
2018-09-04,96,92
2018-09-05,121,275
2018-09-06,100,120
2018-09-07,83,267
2018-09-08,50,109
2018-09-09,30,124
2018-09-10,101,159
2018-09-11,58,99
2018-09-12,88,77
2018-09-13,188,103
2018-09-14,87,87
2018-09-15,46,79
2018-09-16,50,102
2018-09-17,65,90
2018-09-18,59,490
2018-09-19,86,290
2018-09-20,61,112
2018-09-21,84,186
2018-09-22,64,57
2018-09-23,45,177
2018-09-24,65,281
2018-09-25,135,190
2018-09-26,74,253
2018-09-27,68,330
2018-09-28,105,250
2018-09-29,45,122
2018-09-30,30,83
2018-10-01,199,115
2018-10-02,82,78
2018-10-03,90,96
2018-10-04,68,81
2018-10-05,90,107
2018-10-06,50,126
2018-10-07,35,183
2018-10-08,59,146
2018-10-09,82,269
2018-10-10,109,99
2018-10-11,76,110
2018-10-12,69,110
2018-10-13,68,66
2018-10-14,53,107
2018-10-15,66,141
2018-10-16,134,80
2018-10-17,91,111
2018-10-18,80,212
2018-10-19,97,130
2018-10-20,77,73
2018-10-21,25,89
2018-10-22,72,243
2018-10-23,91,139
2018-10-24,92,119
2018-10-25,90,132
2018-10-26,81,292
2018-10-27,125,283
2018-10-28,63,302
2018-10-29,114,218
2018-10-30,109,113
2018-10-31,107,347
2018-11-01,87,248
2018-11-02,81,192
2018-11-03,118,268
2018-11-04,61,188
2018-11-05,129,231
2018-11-06,168,180
2018-11-07,254,146
2018-11-08,138,94
2018-11-09,113,135
2018-11-10,48,71
2018-11-11,55,53
2018-11-12,56,161
2018-11-13,63,127
2018-11-14,66,48
2018-11-15,76,139
2018-11-16,62,191
2018-11-17,32,160
2018-11-18,23,270
2018-11-19,64,153
2018-11-20,113,207
2018-11-21,52,250
2018-11-22,34,144
2018-11-23,33,65
2018-11-24,31,168
2018-11-25,17,104
2018-11-26,54,89
2018-11-27,71,175
2018-11-28,83,105
2018-11-29,100,213
2018-11-30,69,219
2018-12-01,34,93
2018-12-02,32,148
2018-12-03,58,103
2018-12-04,60,108
2018-12-05,66,208
2018-12-06,81,108
2018-12-07,85,174
2018-12-08,32,124
2018-12-09,23,99
2018-12-10,59,77
2018-12-11,91,64
2018-12-12,91,72
2018-12-13,114,59
2018-12-14,118,83
2018-12-15,44,75
2018-12-16,28,95
2018-12-17,79,202
2018-12-18,58,232
2018-12-19,81,125
2018-12-20,81,142
2018-12-21,55,124
2018-12-22,27,99
2018-12-23,19,207
2018-12-24,28,142
2018-12-25,19,178
2018-12-26,34,139
2018-12-27,36,158
2018-12-28,33,210
2018-12-29,21,121
2018-12-30,18,138
2018-12-31,28,141
2019-01-01,30,109
2019-01-02,47,119
2019-01-03,55,118
2019-01-04,74,156
2019-01-05,49,102
2019-01-06,27,169
2019-01-07,43,94
2019-01-08,151,190
2019-01-09,92,178
2019-01-10,75,122
2019-01-11,57,103
2019-01-12,39,68
2019-01-13,26,325
2019-01-14,60,153
2019-01-15,59,225
2019-01-16,68,162
2019-01-17,63,121
2019-01-18,70,85
2019-01-19,30,69
2019-01-20,25,40
2019-01-21,42,71
2019-01-22,73,85
2019-01-23,78,54
2019-01-24,57,104
2019-01-25,46,70
2019-01-26,24,71
2019-01-27,35,128
2019-01-28,51,183
2019-01-29,101,101
2019-01-30,54,149
2019-01-31,129,138
2019-02-01,110,84
2019-02-02,61,144
2019-02-03,36,142
2019-02-04,77,98
2019-02-05,124,99
2019-02-06,399,126
2019-02-07,94,239
2019-02-08,75,110
2019-02-09,39,119
2019-02-10,39,272
2019-02-11,69,304
2019-02-12,139,125
2019-02-13,154,112
2019-02-14,242,216
2019-02-15,123,149
2019-02-16,114,100
2019-02-17,77,213
2019-02-18,46,298
2019-02-19,79,183
2019-02-20,87,459
2019-02-21,107,450
2019-02-22,78,278
2019-02-23,55,112
2019-02-24,44,136
2019-02-25,104,226
2019-02-26,192,130
2019-02-27,257,217
2019-02-28,155,137
2019-03-01,136,80
2019-03-02,47,106
2019-03-03,26,67
2019-03-04,42,59
2019-03-05,74,87
2019-03-06,88,92
2019-03-07,133,313
2019-03-08,111,110
2019-03-09,48,89
2019-03-10,34,77
2019-03-11,64,145
2019-03-12,78,100
2019-03-13,103,212
2019-03-14,107,112
2019-03-15,126,190
2019-03-16,61,119
2019-03-17,43,92
2019-03-18,91,184
2019-03-19,69,136
2019-03-20,74,82
2019-03-21,120,261
2019-03-22,101,248
2019-03-23,39,140
2019-03-24,62,225
2019-03-25,105,154
2019-03-26,160,235
2019-03-27,81,115
2019-03-28,105,119
2019-03-29,77,118
2019-03-30,71,59
2019-03-31,54,144
2019-04-01,101,71
2019-04-02,173,270
2019-04-03,146,103
2019-04-04,141,184
2019-04-05,72,261
2019-04-06,44,100
2019-04-07,30,116
2019-04-08,69,81
2019-04-09,70,408
2019-04-10,106,163
2019-04-11,75,248
2019-04-12,127,96
2019-04-13,39,63
2019-04-14,29,93
2019-04-15,77,123
2019-04-16,83,67
2019-04-17,86,57
2019-04-18,63,131
2019-04-19,47,120
2019-04-20,49,113
2019-04-21,36,85
2019-04-22,59,96
2019-04-23,92,75
2019-04-24,96,80
2019-04-25,93,135
2019-04-26,241,144
2019-04-27,141,50
2019-04-28,68,165
2019-04-29,123,109
2019-04-30,141,78
2019-05-01,128,82
2019-05-02,119,199
2019-05-03,77,81
2019-05-04,63,61
2019-05-05,32,122
2019-05-06,96,82
2019-05-07,103,66
2019-05-08,198,90
2019-05-09,174,108
2019-05-10,104,117
2019-05-11,69,49
2019-05-12,41,167
2019-05-13,67,165
2019-05-14,78,96
2019-05-15,89,104
2019-05-16,64,69
2019-05-17,68,59
2019-05-18,69,85
2019-05-19,43,202
2019-05-20,69,199
2019-05-21,82,117
2019-05-22,84,136
2019-05-23,89,164
2019-05-24,79,110
2019-05-25,44,53
2019-05-26,24,90
2019-05-27,28,136
2019-05-28,85,106
2019-05-29,101,270
2019-05-30,76,220
2019-05-31,148,206
2019-06-01,142,86
2019-06-02,70,96
2019-06-03,100,122
2019-06-04,114,81
2019-06-05,91,111
2019-06-06,114,124
2019-06-07,511,91
2019-06-08,224,65
2019-06-09,165,55
2019-06-10,122,76
2019-06-11,125,110
2019-06-12,98,143
2019-06-13,87,159
2019-06-14,93,54
2019-06-15,34,38
2019-06-16,37,93
2019-06-17,93,75
2019-06-18,93,61
2019-06-19,108,70
2019-06-20,224,123
2019-06-21,88,51
2019-06-22,44,33
2019-06-23,35,31
2019-06-24,68,41
2019-06-25,69,47
2019-06-26,152,64
2019-06-27,200,96
2019-06-28,161,97
2019-06-29,44,47
2019-06-30,33,33
2019-07-01,67,51
2019-07-02,74,88
2019-07-03,84,79
2019-07-04,77,57
2019-07-05,36,46
2019-07-06,34,45
2019-07-07,30,74
2019-07-08,78,78
2019-07-09,176,58
2019-07-10,101,66
2019-07-11,78,152
2019-07-12,66,55
2019-07-13,94,51
2019-07-14,48,59
2019-07-15,78,76
2019-07-16,57,52
2019-07-17,78,55
2019-07-18,56,57
2019-07-19,66,54
2019-07-20,61,32
2019-07-21,52,90
2019-07-22,58,51
2019-07-23,55,73
2019-07-24,58,96
2019-07-25,212,69
2019-07-26,103,77
2019-07-27,45,41
2019-07-28,37,42
2019-07-29,144,127
2019-07-30,102,142
2019-07-31,137,147
2019-08-01,151,93
2019-08-02,131,40
2019-08-03,149,54
2019-08-04,298,37
2019-08-05,239,54
2019-08-06,214,78
2019-08-07,254,99
2019-08-08,202,89
2019-08-09,175,78
2019-08-10,186,50
2019-08-11,73,42
2019-08-12,115,86
2019-08-13,96,91
2019-08-14,142,73
2019-08-15,152,110
2019-08-16,98,86
2019-08-17,128,58
2019-08-18,100,49
2019-08-19,139,72
2019-08-20,112,110
2019-08-21,112,65
2019-08-22,108,78
2019-08-23,86,63
2019-08-24,42,42
2019-08-25,28,32
2019-08-26,78,56
2019-08-27,88,75
2019-08-28,101,59
2019-08-29,62,62
2019-08-30,52,62
2019-08-31,71,44
2019-09-01,148,28
2019-09-02,79,45
2019-09-03,121,67
2019-09-04,121,107
2019-09-05,108,79
2019-09-06,131,62
2019-09-07,62,43
2019-09-08,59,35
2019-09-09,122,57
2019-09-10,267,80
2019-09-11,160,96
2019-09-12,155,77
2019-09-13,244,89
2019-09-14,52,59
2019-09-15,78,54
2019-09-16,63,58
2019-09-17,179,53
2019-09-18,203,60
2019-09-19,161,85
2019-09-20,122,62
2019-09-21,57,31
2019-09-22,54,47
2019-09-23,79,57
2019-09-24,96,90
2019-09-25,194,88
2019-09-26,125,66
2019-09-27,127,46
2019-09-28,79,32
2019-09-29,63,42
2019-09-30,75,52
2019-10-01,159,45
2019-10-02,295,53
2019-10-03,132,74
2019-10-04,89,58
2019-10-05,44,41
2019-10-06,45,37
2019-10-07,60,59
2019-10-08,86,95
2019-10-09,78,49
2019-10-10,95,46
2019-10-11,66,36
2019-10-12,74,32
2019-10-13,55,27
2019-10-14,76,60
2019-10-15,109,41
2019-10-16,177,58
2019-10-17,82,84
2019-10-18,74,38
2019-10-19,50,30
2019-10-20,35,24
2019-10-21,104,48
2019-10-22,93,58
2019-10-23,56,67
2019-10-24,77,67
2019-10-25,50,51
2019-10-26,42,33
2019-10-27,44,31
2019-10-28,84,59
2019-10-29,56,49
2019-10-30,72,51
2019-10-31,97,52
2019-11-01,76,50
2019-11-02,42,34
2019-11-03,41,24
2019-11-04,88,52
2019-11-05,106,58
2019-11-06,227,37
2019-11-07,115,48
2019-11-08,68,44
2019-11-09,54,37
2019-11-10,49,34
2019-11-11,91,41
2019-11-12,94,34
2019-11-13,77,45
2019-11-14,140,37
2019-11-15,103,43
2019-11-16,65,28
2019-11-17,49,33
2019-11-18,135,43
2019-11-19,71,33
2019-11-20,87,35
2019-11-21,195,26
2019-11-22,92,23
2019-11-23,41,17
2019-11-24,48,16
2019-11-25,65,37
2019-11-26,64,37
2019-11-27,77,39
2019-11-28,42,27
2019-11-29,35,36
2019-11-30,28,27
2019-12-01,65,28
2019-12-02,255,54
2019-12-03,105,64
2019-12-04,94,41
2019-12-05,95,50
2019-12-06,125,43
2019-12-07,71,62
2019-12-08,53,40
2019-12-09,50,41
2019-12-10,127,40
2019-12-11,121,42
2019-12-12,76,63
2019-12-13,55,56
2019-12-14,111,48
2019-12-15,33,37
2019-12-16,81,46
2019-12-17,86,42
2019-12-18,64,42
2019-12-19,132,41
2019-12-20,104,59
2019-12-21,47,65
2019-12-22,57,31
2019-12-23,50,57
2019-12-24,30,48
2019-12-25,63,30
2019-12-26,37,37
2019-12-27,30,38
2019-12-28,41,28
2019-12-29,41,39
2019-12-30,62,67
2019-12-31,52,49
2020-01-01,43,31
